Workbook

Sheet Toelichting
A1: SOK Amsterdam - Asfalt 2026 — calculatiebasis
A3: Herkomst van de gegevens
A4: Uitgelezen uit drie rapporten van Gemeente Amsterdam: Asfalt Schouw NOORD (26-08-2026, 49 pagina's),
A5: Notities Asfalt NOORD 2026 en Herstelwerkzaamheden Noord.
A6: Coordinaten zijn letterlijk overgenomen uit de GPS-regel van het rapport.
A8: Werksoort
A9: Staat met de hand in de kantlijn van de rapporten: HB = hotbox, AS = asfalt machinaal.
A10: Die codes zijn per melding van de scan afgelezen en visueel nagelopen.
A11: Bij de herstelpunten van de nutsbedrijven staat geen code; daar noemt de tekst de asfaltsoort.
A12: Zonder code en zonder asfaltsoort blijft de melding 'nog in te delen' — er is niets ingevuld
A13: wat niet in de bron staat.
A14: Kolom 'Waarom deze werksoort' op het blad Locaties zegt per regel waar de indeling vandaan komt.
... A48: scripts/maak_calculatie_excel.py. Verandert de dataset, draai dat script opnieuw.

Sheet Tarieven
A1: Tarieven per werksoort — de blauwe cellen zijn invoer
A3: Werksoort | B3: Rekeneenheid | C3: Tarief min | D3: Tarief max | E3: Herkomst startwaarde
A4: Hotbox werkzaamheden | B4: plek | C4: 150 | D4: 400 | E4: €150–400 / plek
A5: Asfalt machinaal | B5: m2 | C5: 20 | D5: 40 | E5: €20–40 / m²
A6: Scheuren vullen | B6: m1 | C6: 5 | D6: 15 | E6: €5–15 / m¹
A7: Asfalt – nog in te delen | B7: m2 | C7: 0 | D7: 0 | E7: geen tarief — werksoort nog niet bepaald
A9: Startwaarden: CROW-kostenkengetallen (crow_kosten.py). Orde van grootte, geen offerte.

Sheet Locaties
A1: Referentie | B1: Werksoort | C1: Straat | D1: Buurt | E1: Wat is er geschouwd | F1: Maatvoering | G1: Aantal vlakken | H1: Lengte (m) | I1: Kleinste breedte (m) | J1: Oppervlak (m2) | K1: Rekeneenheid | L1: Hoeveelheid | M1: Tarief min | N1: Tarief max | O1: Kosten min | P1: Kosten max | Q1: Prioriteit | R1: Schouwdatum | S1: Week | T1: GPS breedte | U1: GPS lengte | V1: Adres bij GPS | W1: Bron | X1: Pagina | Y1: Foto | Z1: Waarom deze werksoort | AA1: Let op | AB1: Asset-code (weg) | AC1: Asfaltsoort | AD1: Aantal foto's
A2: SOK-AMS-2026-001 | B2: Asfalt – nog in te delen | C2: Oostzanerdijk | D2: Oostzanerwerf | E2: 7.60 x 0.30 | F2: 7,60 × 0,30 m (samen 2,3 m²) | G2: 1 | H2: 7.6 | I2: 0.3 | J2: 2.28 | K2: =INDEX(Tarieven!$A$4:$E$7,MATCH($B2,Tarieven!$A$4:$A$7,0),2) | L2: =IF($K2="plek",$G2,IF($K2="m1",$H2,$J2)) | M2: =INDEX(Tarieven!$A$4:$E$7,MATCH($B2,Tarieven!$A$4:$A$7,0),3) | N2: =INDEX(Tarieven!$A$4:$E$7,MATCH($B2,Tarieven!$A$4:$A$7,0),4) | O2: =IFERROR($L2*$M2,0) | P2: =IFERROR($L2*$N2,0) | Q2: normaal | R2: 2026-06-08 | S2: 24 | T2: 52.421 | U2: 4.87833 | V2: Oostzanerdijk 141A, Amsterdam | W2: Asfalt Schouw NOORD — 26 augustus 2026 | X2: 1/49 | Y2: 001-oostzanerdijk.jpg | Z2: geen code in de kantlijn en geen asfaltsoort in de tekst | AB2: SOK-AMS-OOSTZANERDIJK | AD2: 1
A3: SOK-AMS-2026-002 | B3: Asfalt – nog in te delen | C3: Oostzanerdijk | D3: Oostzanerwerf | E3: 8.00 x 0.30 | F3: 8,00 × 0,30 m (samen 2,4 m²) | G3: 1 | H3: 8 | I3: 0.3 | J3: 2.4 | K3: =INDEX(Tarieven!$A$4:$E$7,MATCH($B3,Tarieven!$A$4:$A$7,0),2) | L3: =IF($K3="plek",$G3,IF($K3="m1",$H3,$J3)) | M3: =INDEX(Tarieven!$A$4:$E$7,MATCH($B3,Tarieven!$A$4:$A$7,0),3) | N3: =INDEX(Tarieven!$A$4:$E$7,MATCH($B3,Tarieven!$A$4:$A$7,0),4) | O3: =IFERROR($L3*$M3,0) | P3: =IFERROR($L3*$N3,0) | Q3: normaal | R3: 2026-06-08 | S3: 24 | T3: 52.4205 | U3: 4.87857 | V3: Oostzanerdijk 139, Amsterdam | W3: Asfalt Schouw NOORD — 26 augustus 2026 | X3: 1/49 | Y3: 002-oostzanerdijk.jpg | Z3: geen code in de kantlijn en geen asfaltsoort in de tekst | AB3: SOK-AMS-OOSTZANERDIJK | AD3: 1
A4: SOK-AMS-2026-003 | B4: Asfalt – nog in te delen | C4: Stellingweg | D4: Oostzanerwerf | E4: Stellingenweg t.h.v. 202 | G4: 0 | K4: =INDEX(Tarieven!$A$4:$E$7,MATCH($B4,Tarieven!$A$4:$A$7,0),2) | L4: =IF($K4="plek",$G4,IF($K4="m1",$H4,$J4)) | M4: =INDEX(Tarieven!$A$4:$E$7,MATCH($B4,Tarieven!$A$4:$A$7,0),3) | N4: =INDEX(Tarieven!$A$4:$E$7,MATCH($B4,Tarieven!$A$4:$A$7,0),4) | O4: =IFERROR($L4*$M4,0) | P4: =IFERROR($L4*$N4,0) | Q4: normaal | R4: 2026-06-08 | S4: 24 | T4: 52.38688 | U4: 4.90561 | V4: Céramiquelaan 723, Amsterdam | W4: Asfalt Schouw NOORD — 26 augustus 2026 | X4: 1/49 | Y4: 003-stellingweg.jpg | Z4: geen code in de kantlijn en geen asfaltsoort in de tekst | AA4: Coordinaat ligt 3.4 km van de overige punten op Stellingweg — het adres in het rapport (Céramiquelaan 723, Amsterdam) hoort bij een andere buurt. Controleer dit punt op de kaart. · geen maatvoering in de bron | AB4: SOK-AMS-STELLINGWEG | AD4: 1
A5: SOK-AMS-2026-004 | B5: Asfalt – nog in te delen | C5: Stellingweg | D5: Oostzanerwerf | E5: Stellingweg t.h.v. 202 0.80x 0.80 | F5: 0,80 × 0,80 m (samen 0,6 m²) | G5: 1 | H5: 0.8 | I5: 0.8 | J5: 0.64 | K5: =INDEX(Tarieven!$A$4:$E$7,MATCH($B5,Tarieven!$A$4:$A$7,0),2) | L5: =IF($K5="plek",$G5,IF($K5="m1",$H5,$J5)) | M5: =INDEX(Tarieven!$A$4:$E$7,MATCH($B5,Tarieven!$A$4:$A$7,0),3) | N5: =INDEX(Tarieven!$A$4:$E$7,MATCH($B5,Tarieven!$A$4:$A$7,0),4) | O5: =IFERROR($L5*$M5,0) | P5: =IFERROR($L5*$N5,0) | Q5: normaal | R5: 2026-06-08 | S5: 24 | T5: 52.41686 | U5: 4.89436 | V5: Stellingweg 169A, Amsterdam | W5: Asfalt Schouw NOORD — 26 augustus 2026 | X5: 2/49 | Y5: 004-stellingweg.jpg | Z5: geen code in de kantlijn en geen asfaltsoort in de tekst | AB5: SOK-AMS-STELLINGWEG | AD5: 1
A6: SOK-AMS-2026-005 | B6: Asfalt – nog in te delen | C6: Stellingweg | E6: Stellingweg 27/153 _ 4.80 x 0.90 | F6: 4,80 × 0,90 m (samen 4,3 m²) | G6: 1 | H6: 4.8 | I6: 0.9 | J6: 4.32 | K6: =INDEX(Tarieven!$A$4:$E$7,MATCH($B6,Tarieven!$A$4:$A$7,0),2) | L6: =IF($K6="plek",$G6,IF($K6="m1",$H6,$J6)) | M6: =INDEX(Tarieven!$A$4:$E$7,MATCH($B6,Tarieven!$A$4:$A$7,0),3) | N6: =INDEX(Tarieven!$A$4:$E$7,MATCH($B6,Tarieven!$A$4:$A$7,0),4) | O6: =IFERROR($L6*$M6,0) | P6: =IFERROR($L6*$N6,0) | Q6: normaal | R6: 2026-06-08 | S6: 24 | T6: 52.41717 | U6: 4.89436 | V6: Stellingweg 159, Amsterdam | W6: Asfalt Schouw NOORD — 26 augustus 2026 | X6: 2/49 | Y6: 005-stellingweg.jpg | Z6: geen code in de kantlijn en geen asfaltsoort in de tekst | AB6: SOK-AMS-STELLINGWEG | AD6: 1
A7: SOK-AMS-2026-006 | B7: Asfalt – nog in te delen | C7: Zuideinde | D7: Oostzanerwerf | E7: Zuideinde 509 3.80 x 1.40 + 2.40 x 1.30 | F7: 3,80 × 1,40 m + 2,40 × 1,30 m (samen 8,4 m²) | G7: 2 | H7: 6.2 | I7: 1.3 | J7: 8.44 | K7: =INDEX(Tarieven!$A$4:$E$7,MATCH($B7,Tarieven!$A$4:$A$7,0),2) | L7: =IF($K7="plek",$G7,IF($K7="m1",$H7,$J7)) | M7: =INDEX(Tarieven!$A$4:$E$7,MATCH($B7,Tarieven!$A$4:$A$7,0),3) | N7: =INDEX(Tarieven!$A$4:$E$7,MATCH($B7,Tarieven!$A$4:$A$7,0),4) | O7: =IFERROR($L7*$M7,0) | P7: =IFERROR($L7*$N7,0) | Q7: normaal | R7: 2026-06-08 | S7: 24 | T7: 52.4167 | U7: 4.89654 | V7: Zuideinde 503, Amsterdam | W7: Asfalt Schouw NOORD — 26 augustus 2026 | X7: 2/49 | Y7: 006-zuideinde.jpg | Z7: geen code in de kantlijn en geen asfaltsoort in de tekst | AB7: SOK-AMS-ZUIDEINDE | AD7: 2
A8: SOK-AMS-2026-007 | B8: Hotbox werkzaamheden | C8: Zuideinde | E8: Zuideinde 491 _ 1.70 x 1.40 | F8: 1,70 × 1,40 m (samen 2,4 m²) | G8: 1 | H8: 1.7 | I8: 1.4 | J8: 2.38 | K8: =INDEX(Tarieven!$A$4:$E$7,MATCH($B8,Tarieven!$A$4:$A$7,0),2) | L8: =IF($K8="plek",$G8,IF($K8="m1",$H8,$J8)) | M8: =INDEX(Tarieven!$A$4:$E$7,MATCH($B8,Tarieven!$A$4:$A$7,0),3) | N8: =INDEX(Tarieven!$A$4:$E$7,MATCH($B8,Tarieven!$A$4:$A$7,0),4) | O8: =IFERROR($L8*$M8,0) | P8: =IFERROR($L8*$N8,0) | Q8: normaal | R8: 2026-06-08 | S8: 24 | T8: 52.41731 | U8: 4.89603 | V8: Zuideinde 489, Amsterdam | W8: Asfalt Schouw NOORD — 26 augustus 2026 | X8: 2/49 | Y8: 007-zuideinde.jpg | Z8: handgeschreven code "HB" in de kantlijn | AB8: SOK-AMS-ZUIDEINDE | AD8: 1
A9: SOK-AMS-2026-008 | B9: Hotbox werkzaamheden | C9: Zuideinde | E9: Zuideinde 485 - 1.10 x 1.00 | F9: 1,10 × 1,00 m (samen 1,1 m²) | G9: 1 | H9: 1.1 | I9: 1 | J9: 1.1 | K9: =INDEX(Tarieven!$A$4:$E$7,MATCH($B9,Tarieven!$A$4:$A$7,0),2) | L9: =IF($K9="plek",$G9,IF($K9="m1",$H9,$J9)) | M9: =INDEX(Tarieven!$A$4:$E$7,MATCH($B9,Tarieven!$A$4:$A$7,0),3) | N9: =INDEX(Tarieven!$A$4:$E$7,MATCH($B9,Tarieven!$A$4:$A$7,0),4) | O9: =IFERROR($L9*$M9,0) | P9: =IFERROR($L9*$N9,0) | Q9: normaal | R9: 2026-06-08 | S9: 24 | T9: 52.41731 | U9: 4.89603 | V9: Zuideinde 489, Amsterdam | W9: Asfalt Schouw NOORD — 26 augustus 2026 | X9: 3/49 | Y9: 008-zuideinde.jpg | Z9: handgeschreven code "HB" in de kantlijn | AB9: SOK-AMS-ZUIDEINDE | AD9: 1
A10: SOK-AMS-2026-009 | B10: Hotbox werkzaamheden | C10: Zuideinde | D10: Oostzanerwerf | E10: Zuideinde 393 - 3.60 x 1.40 | F10: 3,60 × 1,40 m (samen 5,0 m²) | G10: 1 | H10: 3.6 | I10: 1.4 | J10: 5.04 | K10: =INDEX(Tarieven!$A$4:$E$7,MATCH($B10,Tarieven!$A$4:$A$7,0),2) | L10: =IF($K10="plek",$G10,IF($K10="m1",$H10,$J10)) | M10: =INDEX(Tarieven!$A$4:$E$7,MATCH($B10,Tarieven!$A$4:$A$7,0),3) | N10: =INDEX(Tarieven!$A$4:$E$7,MATCH($B10,Tarieven!$A$4:$A$7,0),4) | O10: =IFERROR($L10*$M10,0) | P10: =IFERROR($L10*$N10,0) | Q10: normaal | R10: 2026-06-08 | S10: 24 | T10: 52.41737 | U10: 4.89546 | V10: Zuideinde 412, Amsterdam | W10: Asfalt Schouw NOORD — 26 augustus 2026 | X10: 3/49 | Y10: 009-zuideinde.jpg | Z10: handgeschreven code "HB" in de kantlijn | AB10: SOK-AMS-ZUIDEINDE | AD10: 1
A11: SOK-AMS-2026-010 | B11: Hotbox werkzaamheden | C11: Zuideinde | D11: Oostzanerwerf | E11: Zuideinde 333 - 1.70 x 1.20 | F11: 1,70 × 1,20 m (samen 2,0 m²) | G11: 1 | H11: 1.7 | I11: 1.2 | J11: 2.04 | K11: =INDEX(Tarieven!$A$4:$E$7,MATCH($B11,Tarieven!$A$4:$A$7,0),2) | L11: =IF($K11="plek",$G11,IF($K11="m1",$H11,$J11)) | M11: =INDEX(Tarieven!$A$4:$E$7,MATCH($B11,Tarieven!$A$4:$A$7,0),3) | N11: =INDEX(Tarieven!$A$4:$E$7,MATCH($B11,Tarieven!$A$4:$A$7,0),4) | O11: =IFERROR($L11*$M11,0) | P11: =IFERROR($L11*$N11,0) | Q11: normaal | R11: 2026-06-08 | S11: 24 | T11: 52.42366 | U11: 4.8898 | V11: Zuideinde 333, Amsterdam | W11: Asfalt Schouw NOORD — 26 augustus 2026 | X11: 3/49 | Y11: 010-zuideinde.jpg | Z11: handgeschreven code "HB" in de kantlijn | AB11: SOK-AMS-ZUIDEINDE | AD11: 1
A12: SOK-AMS-2026-011 | B12: Hotbox werkzaamheden | C12: Zuideinde | D12: Oostzanerwerf | E12: Zuideinde 355 - 3.70 x 1.40 | F12: 3,70 × 1,40 m (samen 5,2 m²) | G12: 1 | H12: 3.7 | I12: 1.4 | J12: 5.18 | K12: =INDEX(Tarieven!$A$4:$E$7,MATCH($B12,Tarieven!$A$4:$A$7,0),2) | L12: =IF($K12="plek",$G12,IF($K12="m1",$H12,$J12)) | M12: =INDEX(Tarieven!$A$4:$E$7,MATCH($B12,Tarieven!$A$4:$A$7,0),3) | N12: =INDEX(Tarieven!$A$4:$E$7,MATCH($B12,Tarieven!$A$4:$A$7,0),4) | O12: =IFERROR($L12*$M12,0) | P12: =IFERROR($L12*$N12,0) | Q12: normaal | R12: 2026-06-08 | S12: 24 | T12: 52.42348 | U12: 4.88993 | V12: Zuideinde 339, Amsterdam | W12: Asfalt Schouw NOORD — 26 augustus 2026 | X12: 4/49 | Y12: 011-zuideinde.jpg | Z12: handgeschreven code "HB" in de kantlijn | AB12: SOK-AMS-ZUIDEINDE | AD12: 1
A13: SOK-AMS-2026-012 | B13: Hotbox werkzaamheden | C13: Cornelis Roosstraat | D13: Oostzanerwerf | E13: C.roosstr 5 - 5.00 x 0.50 | F13: 5,00 × 0,50 m (samen 2,5 m²) | G13: 1 | H13: 5 | I13: 0.5 | J13: 2.5 | K13: =INDEX(Tarieven!$A$4:$E$7,MATCH($B13,Tarieven!$A$4:$A$7,0),2) | L13: =IF($K13="plek",$G13,IF($K13="m1",$H13,$J13)) | M13: =INDEX(Tarieven!$A$4:$E$7,MATCH($B13,Tarieven!$A$4:$A$7,0),3) | N13: =INDEX(Tarieven!$A$4:$E$7,MATCH($B13,Tarieven!$A$4:$A$7,0),4) | O13: =IFERROR($L13*$M13,0) | P13: =IFERROR($L13*$N13,0) | Q13: normaal | R13: 2026-06-08 | S13: 24 | T13: 52.41911 | U13: 4.8963 | V13: Cornelis Roosstraat 2, Amsterdam | W13: Asfalt Schouw NOORD — 26 augustus 2026 | X13: 4/49 | Y13: 012-cornelisroosstraat.jpg | Z13: handgeschreven code "HB" in de kantlijn | AB13: SOK-AMS-CORNELIS-ROOSSTRAAT | AD13: 1
A14: SOK-AMS-2026-013 | B14: Asfalt – nog in te delen | C14: Cornelis Roosstraat | D14: Oostzanerwerf | E14: C.roosstr t/o 25 - 3.00 x 1.10 | F14: 3,00 × 1,10 m (samen 3,3 m²) | G14: 1 | H14: 3 | I14: 1.1 | J14: 3.3 | K14: =INDEX(Tarieven!$A$4:$E$7,MATCH($B14,Tarieven!$A$4:$A$7,0),2) | L14: =IF($K14="plek",$G14,IF($K14="m1",$H14,$J14)) | M14: =INDEX(Tarieven!$A$4:$E$7,MATCH($B14,Tarieven!$A$4:$A$7,0),3) | N14: =INDEX(Tarieven!$A$4:$E$7,MATCH($B14,Tarieven!$A$4:$A$7,0),4) | O14: =IFERROR($L14*$M14,0) | P14: =IFERROR($L14*$N14,0) | Q14: normaal | R14: 2026-06-08 | S14: 24 | T14: 52.41867 | U14: 4.89694 | V14: Cornelis Roosstraat 23, Amsterdam | W14: Asfalt Schouw NOORD — 26 augustus 2026 | X14: 4/49 | Y14: 013-cornelisroosstraat.jpg | Z14: geen code in de kantlijn en geen asfaltsoort in de tekst | AB14: SOK-AMS-CORNELIS-ROOSSTRAAT | AD14: 1
A15: SOK-AMS-2026-014 | B15: Asfalt – nog in te delen | C15: Cornelis Roosstraat | D15: Oostzanerwerf | E15: C.roosstr t.h.v. 27 _ 11.00 x 0.40 | F15: 11,00 × 0,40 m (samen 4,4 m²) | G15: 1 | H15: 11 | I15: 0.4 | J15: 4.4 | K15: =INDEX(Tarieven!$A$4:$E$7,MATCH($B15,Tarieven!$A$4:$A$7,0),2) | L15: =IF($K15="plek",$G15,IF($K15="m1",$H15,$J15)) | M15: =INDEX(Tarieven!$A$4:$E$7,MATCH($B15,Tarieven!$A$4:$A$7,0),3) | N15: =INDEX(Tarieven!$A$4:$E$7,MATCH($B15,Tarieven!$A$4:$A$7,0),4) | O15: =IFERROR($L15*$M15,0) | P15: =IFERROR($L15*$N15,0) | Q15: normaal | R15: 2026-06-08 | S15: 24 | T15: 52.4183 | U15: 4.89678 | V15: Cornelis Roosstraat 27, Amsterdam | W15: Asfalt Schouw NOORD — 26 augustus 2026 | X15: 5/49 | Y15: 014-cornelisroosstraat.jpg | Z15: geen code in de kantlijn en geen asfaltsoort in de tekst | AB15: SOK-AMS-CORNELIS-ROOSSTRAAT | AD15: 1
A16: SOK-AMS-2026-015 | B16: Asfalt – nog in te delen | C16: Cornelis Roosstraat | D16: Oostzanerwerf | E16: C.roosstr t.h.v. oplaadpunt 5.00x 0.40 | F16: 5,00 × 0,40 m (samen 2,0 m²) | G16: 1 | H16: 5 | I16: 0.4 | J16: 2 | K16: =INDEX(Tarieven!$A$4:$E$7,MATCH($B16,Tarieven!$A$4:$A$7,0),2) | L16: =IF($K16="plek",$G16,IF($K16="m1",$H16,$J16)) | M16: =INDEX(Tarieven!$A$4:$E$7,MATCH($B16,Tarieven!$A$4:$A$7,0),3) | N16: =INDEX(Tarieven!$A$4:$E$7,MATCH($B16,Tarieven!$A$4:$A$7,0),4) | O16: =IFERROR($L16*$M16,0) | P16: =IFERROR($L16*$N16,0) | Q16: normaal | R16: 2026-06-08 | S16: 24 | T16: 52.4183 | U16: 4.89678 | V16: Cornelis Roosstraat 27, Amsterdam | W16: Asfalt Schouw NOORD — 26 augustus 2026 | X16: 5/49 | Y16: 015-cornelisroosstraat.jpg | Z16: geen code in de kantlijn en geen asfaltsoort in de tekst | AB16: SOK-AMS-CORNELIS-ROOSSTRAAT | AD16: 1
A17: SOK-AMS-2026-016 | B17: Hotbox werkzaamheden | C17: Molenwijk | D17: Oostzanerwerf | E17: 2.60 x 1.80 + 9.00 x 1.80 parkeerplaats molenwijk | F17: 2,60 × 1,80 m + 9,00 × 1,80 m (samen 20,9 m²) | G17: 2 | H17: 11.6 | I17: 1.8 | J17: 20.88 | K17: =INDEX(Tarieven!$A$4:$E$7,MATCH($B17,Tarieven!$A$4:$A$7,0),2) | L17: =IF($K17="plek",$G17,IF($K17="m1",$H17,$J17)) | M17: =INDEX(Tarieven!$A$4:$E$7,MATCH($B17,Tarieven!$A$4:$A$7,0),3) | N17: =INDEX(Tarieven!$A$4:$E$7,MATCH($B17,Tarieven!$A$4:$A$7,0),4) | O17: =IFERROR($L17*$M17,0) | P17: =IFERROR($L17*$N17,0) | Q17: normaal | R17: 2026-06-08 | S17: 24 | T17: 52.41797 | U17: 4.89378 | V17: Amsterdam | W17: Asfalt Schouw NOORD — 26 augustus 2026 | X17: 5/49 | Y17: 016-molenwijk.jpg | Z17: handgeschreven code "HB" in de kantlijn | AB17: SOK-AMS-MOLENWIJK | AD17: 2
A18: SOK-AMS-2026-017 | B18: Asfalt machinaal | C18: Sportpark Oostzanerwerf | D18: Asfalt Schades Heel Noord | E18: 50.00 x 3.00 verzakt en scheuren. Dit gedeelte maakt deel uit van een dijk | F18: 50,00 × 3,00 m (samen 150,0 m²) | G18: 1 | H18: 50 | I18: 3 | J18: 150 | K18: =INDEX(Tarieven!$A$4:$E$7,MATCH($B18,Tarieven!$A$4:$A$7,0),2) | L18: =IF($K18="plek",$G18,IF($K18="m1",$H18,$J18)) | M18: =INDEX(Tarieven!$A$4:$E$7,MATCH($B18,Tarieven!$A$4:$A$7,0),3) | N18: =INDEX(Tarieven!$A$4:$E$7,MATCH($B18,Tarieven!$A$4:$A$7,0),4) | O18: =IFERROR($L18*$M18,0) | P18: =IFERROR($L18*$N18,0) | Q18: normaal | R18: 2026-06-09 | S18: 24 | T18: 52.42157 | U18: 4.87895 | V18: Sportpark Oostzanerwerf 4, Amsterdam | W18: Asfalt Schouw NOORD — 26 augustus 2026 | X18: 6/49 | Y18: 017-sportparkoostzanerwerf.jpg | Z18: handgeschreven code "AS" in de kantlijn | AB18: SOK-AMS-SPORTPARK-OOSTZANERWERF | AD18: 2
A19: SOK-AMS-2026-018 | B19: Asfalt machinaal | C19: Oostzanerdijk | D19: Asfalt Schades Heel Noord | E19: 6.00 x 3.00 Oostzanerdijk / molenaarsweg | F19: 6,00 × 3,00 m (samen 18,0 m²) | G19: 1 | H19: 6 | I19: 3 | J19: 18 | K19: =INDEX(Tarieven!$A$4:$E$7,MATCH($B19,Tarieven!$A$4:$A$7,0),2) | L19: =IF($K19="plek",$G19,IF($K19="m1",$H19,$J19)) | M19: =INDEX(Tarieven!$A$4:$E$7,MATCH($B19,Tarieven!$A$4:$A$7,0),3) | N19: =INDEX(Tarieven!$A$4:$E$7,MATCH($B19,Tarieven!$A$4:$A$7,0),4) | O19: =IFERROR($L19*$M19,0) | P19: =IFERROR($L19*$N19,0) | Q19: normaal | R19: 2026-06-09 | S19: 24 | T19: 52.4205 | U19: 4.87857 | V19: Oostzanerdijk 139, Amsterdam | W19: Asfalt Schouw NOORD — 26 augustus 2026 | X19: 6/49 | Y19: 018-oostzanerdijk.jpg | Z19: handgeschreven code "AS" in de kantlijn | AB19: SOK-AMS-OOSTZANERDIJK | AD19: 1
A20: SOK-AMS-2026-019 | B20: Hotbox werkzaamheden | C20: Molenaarsweg | D20: Asfalt Schades Heel Noord | E20: Molenaarsweg / oostzanerwerf 2x 2.00 x 0.50 | F20: 2× 2,00 × 0,50 m (samen 2,0 m²) | G20: 2 | H20: 4 | I20: 0.5 | J20: 2 | K20: =INDEX(Tarieven!$A$4:$E$7,MATCH($B20,Tarieven!$A$4:$A$7,0),2) | L20: =IF($K20="plek",$G20,IF($K20="m1",$H20,$J20)) | M20: =INDEX(Tarieven!$A$4:$E$7,MATCH($B20,Tarieven!$A$4:$A$7,0),3) | N20: =INDEX(Tarieven!$A$4:$E$7,MATCH($B20,Tarieven!$A$4:$A$7,0),4) | O20: =IFERROR($L20*$M20,0) | P20: =IFERROR($L20*$N20,0) | Q20: normaal | R20: 2026-06-09 | S20: 24 | T20: 52.42115 | U20: 4.88785 | V20: Grondzeiler 1, Amsterdam | W20: Asfalt Schouw NOORD — 26 augustus 2026 | X20: 7/49 | Y20: 019-molenaarsweg.jpg | Z20: handgeschreven code "HB" in de kantlijn | AB20: SOK-AMS-MOLENAARSWEG | AD20: 1
A21: SOK-AMS-2026-020 | B21: Asfalt – nog in te delen | C21: Molenaarsweg | D21: Asfalt Schades Heel Noord | E21: 15.00 x 0.50 scheuren. 3.00 x 0.50 gevaarlijk gat Molenaarsweg. Voor de bocht Zuideinde | F21: 15,00 × 0,50 m + 3,00 × 0,50 m (samen 9,0 m²) | G21: 2 | H21: 18 | I21: 0.5 | J21: 9 | K21: =INDEX(Tarieven!$A$4:$E$7,MATCH($B21,Tarieven!$A$4:$A$7,0),2) | L21: =IF($K21="plek",$G21,IF($K21="m1",$H21,$J21)) | M21: =INDEX(Tarieven!$A$4:$E$7,MATCH($B21,Tarieven!$A$4:$A$7,0),3) | N21: =INDEX(Tarieven!$A$4:$E$7,MATCH($B21,Tarieven!$A$4:$A$7,0),4) | O21: =IFERROR($L21*$M21,0) | P21: =IFERROR($L21*$N21,0) | Q21: normaal | R21: 2026-06-09 | S21: 24 | T21: 52.42203 | U21: 4.88909 | V21: Tuimelaarstraat 3, Amsterdam | W21: Asfalt Schouw NOORD — 26 augustus 2026 | X21: 7/49 | Y21: 020-molenaarsweg.jpg | Z21: in het rapport groen doorgestreept — werksoort onduidelijk | AB21: SOK-AMS-MOLENAARSWEG | AD21: 2
A22: SOK-AMS-2026-021 | B22: Asfalt – nog in te delen | C22: Molenaarsweg | D22: Asfalt Schades Heel Noord | E22: 37.00 x o.50 Molenaarsweg bocht voor zuideinde | G22: 0 | K22: =INDEX(Tarieven!$A$4:$E$7,MATCH($B22,Tarieven!$A$4:$A$7,0),2) | L22: =IF($K22="plek",$G22,IF($K22="m1",$H22,$J22)) | M22: =INDEX(Tarieven!$A$4:$E$7,MATCH($B22,Tarieven!$A$4:$A$7,0),3) | N22: =INDEX(Tarieven!$A$4:$E$7,MATCH($B22,Tarieven!$A$4:$A$7,0),4) | O22: =IFERROR($L22*$M22,0) | P22: =IFERROR($L22*$N22,0) | Q22: normaal | R22: 2026-06-09 | S22: 24 | T22: 52.41985 | U22: 4.89196 | V22: Molenwijk 8, Amsterdam | W22: Asfalt Schouw NOORD — 26 augustus 2026 | X22: 7/49 | Y22: 021-molenaarsweg.jpg | Z22: in het rapport groen doorgestreept — werksoort onduidelijk | AA22: geen maatvoering in de bron | AB22: SOK-AMS-MOLENAARSWEG | AD22: 2
A23: SOK-AMS-2026-022 | B23: Asfalt – nog in te delen | C23: Meteorenweg | D23: Tuindorp Oostzaan | E23: 1.70 x 1.60 + 3.30 x 0.90 Meteorenweg / Aldebaranstr | F23: 1,70 × 1,60 m + 3,30 × 0,90 m (samen 5,7 m²) | G23: 2 | H23: 5 | I23: 0.9 | J23: 5.69 | K23: =INDEX(Tarieven!$A$4:$E$7,MATCH($B23,Tarieven!$A$4:$A$7,0),2) | L23: =IF($K23="plek",$G23,IF($K23="m1",$H23,$J23)) | M23: =INDEX(Tarieven!$A$4:$E$7,MATCH($B23,Tarieven!$A$4:$A$7,0),3) | N23: =INDEX(Tarieven!$A$4:$E$7,MATCH($B23,Tarieven!$A$4:$A$7,0),4) | O23: =IFERROR($L23*$M23,0) | P23: =IFERROR($L23*$N23,0) | Q23: normaal | R23: 2026-06-09 | S23: 24 | T23: 52.41084 | U23: 4.89062 | V23: Aldebaranstraat 1, Amsterdam | W23: Asfalt Schouw NOORD — 26 augustus 2026 | X23: 7/49 | Y23: 022-meteorenweg.jpg | Z23: geen code in de kantlijn en geen asfaltsoort in de tekst | AB23: SOK-AMS-METEORENWEG | AD23: 1
A24: SOK-AMS-2026-023 | B24: Asfalt – nog in te delen | C24: Aldebaranstraat | D24: Tuindorp Oostzaan | E24: 51.00 x 1.00 Aldebaranstr nr 13 tot Meteorenweg | F24: 51,00 × 1,00 m (samen 51,0 m²) | G24: 1 | H24: 51 | I24: 1 | J24: 51 | K24: =INDEX(Tarieven!$A$4:$E$7,MATCH($B24,Tarieven!$A$4:$A$7,0),2) | L24: =IF($K24="plek",$G24,IF($K24="m1",$H24,$J24)) | M24: =INDEX(Tarieven!$A$4:$E$7,MATCH($B24,Tarieven!$A$4:$A$7,0),3) | N24: =INDEX(Tarieven!$A$4:$E$7,MATCH($B24,Tarieven!$A$4:$A$7,0),4) | O24: =IFERROR($L24*$M24,0) | P24: =IFERROR($L24*$N24,0) | Q24: normaal | R24: 2026-06-09 | S24: 24 | T24: 52.41084 | U24: 4.89062 | V24: Aldebaranstraat 1, Amsterdam | W24: Asfalt Schouw NOORD — 26 augustus 2026 | X24: 8/49 | Y24: 023-aldebaranstraat.jpg | Z24: geen code in de kantlijn en geen asfaltsoort in de tekst | AB24: SOK-AMS-ALDEBARANSTRAAT | AD24: 1
A25: SOK-AMS-2026-024 | B25: Asfalt – nog in te delen | C25: Aldebaranstraat | D25: Tuindorp Oostzaan | E25: Rigelstraat van nr 3 tot Aldebaranstr 18 00 x 0.80 | G25: 0 | K25: =INDEX(Tarieven!$A$4:$E$7,MATCH($B25,Tarieven!$A$4:$A$7,0),2) | L25: =IF($K25="plek",$G25,IF($K25="m1",$H25,$J25)) | M25: =INDEX(Tarieven!$A$4:$E$7,MATCH($B25,Tarieven!$A$4:$A$7,0),3) | N25: =INDEX(Tarieven!$A$4:$E$7,MATCH($B25,Tarieven!$A$4:$A$7,0),4) | O25: =IFERROR($L25*$M25,0) | P25: =IFERROR($L25*$N25,0) | Q25: normaal | R25: 2026-06-09 | S25: 24 | T25: 52.41114 | U25: 4.89099 | V25: Aldebaranstraat 13, Amsterdam | W25: Asfalt Schouw NOORD — 26 augustus 2026 | X25: 8/49 | Y25: 024-aldebaranstraat.jpg | Z25: geen code in de kantlijn en geen asfaltsoort in de tekst | AA25: geen maatvoering in de bron | AB25: SOK-AMS-ALDEBARANSTRAAT | AD25: 1
A26: SOK-AMS-2026-025 | B26: Hotbox werkzaamheden | C26: Rigelstraat | D26: Tuindorp Oostzaan | E26: Rigelstr nr. 8. 2.40 x 0.30 | F26: 2,40 × 0,30 m (samen 0,7 m²) | G26: 1 | H26: 2.4 | I26: 0.3 | J26: 0.72 | K26: =INDEX(Tarieven!$A$4:$E$7,MATCH($B26,Tarieven!$A$4:$A$7,0),2) | L26: =IF($K26="plek",$G26,IF($K26="m1",$H26,$J26)) | M26: =INDEX(Tarieven!$A$4:$E$7,MATCH($B26,Tarieven!$A$4:$A$7,0),3) | N26: =INDEX(Tarieven!$A$4:$E$7,MATCH($B26,Tarieven!$A$4:$A$7,0),4) | O26: =IFERROR($L26*$M26,0) | P26: =IFERROR($L26*$N26,0) | Q26: normaal | R26: 2026-06-09 | S26: 24 | T26: 52.4112 | U26: 4.89043 | V26: Rigelstraat 9, Amsterdam | W26: Asfalt Schouw NOORD — 26 augustus 2026 | X26: 9/49 | Y26: 025-rigelstraat.jpg | Z26: handgeschreven code "HB" in de kantlijn | AB26: SOK-AMS-RIGELSTRAAT | AD26: 1
A27: SOK-AMS-2026-026 | B27: Hotbox werkzaamheden | C27: Rigelstraat | D27: Tuindorp Oostzaan | E27: Rigelstr nr. 8 tot nr. 10 31.50 x 0.70 | F27: 31,50 × 0,70 m (samen 22,0 m²) | G27: 1 | H27: 31.5 | I27: 0.7 | J27: 22.05 | K27: =INDEX(Tarieven!$A$4:$E$7,MATCH($B27,Tarieven!$A$4:$A$7,0),2) | L27: =IF($K27="plek",$G27,IF($K27="m1",$H27,$J27)) | M27: =INDEX(Tarieven!$A$4:$E$7,MATCH($B27,Tarieven!$A$4:$A$7,0),3) | N27: =INDEX(Tarieven!$A$4:$E$7,MATCH($B27,Tarieven!$A$4:$A$7,0),4) | O27: =IFERROR($L27*$M27,0) | P27: =IFERROR($L27*$N27,0) | Q27: normaal | R27: 2026-06-09 | S27: 24 | T27: 52.41204 | U27: 4.88934 | V27: Zonneweg 17, Amsterdam | W27: Asfalt Schouw NOORD — 26 augustus 2026 | X27: 9/49 | Y27: 026-rigelstraat.jpg | Z27: handgeschreven code "HB" in de kantlijn | AB27: SOK-AMS-RIGELSTRAAT | AD27: 1
A28: SOK-AMS-2026-027 | B28: Hotbox werkzaamheden | C28: Zonneweg | D28: Tuindorp Oostzaan | E28: Zonneweg 5.60 1.40 t.h.v. Betelgeuzenstraat foto 1. + 5.90 x 1.40 foto 2. Foto 3 v/a Meteorenweg tot nr 28 Zonnebloemstr. 90.00 x 0.40 | F28: 5,90 × 1,40 m + 90,00 × 0,40 m (samen 44,3 m²) | G28: 2 | H28: 95.9 | I28: 0.4 | J28: 44.26 | K28: =INDEX(Tarieven!$A$4:$E$7,MATCH($B28,Tarieven!$A$4:$A$7,0),2) | L28: =IF($K28="plek",$G28,IF($K28="m1",$H28,$J28)) | M28: =INDEX(Tarieven!$A$4:$E$7,MATCH($B28,Tarieven!$A$4:$A$7,0),3) | N28: =INDEX(Tarieven!$A$4:$E$7,MATCH($B28,Tarieven!$A$4:$A$7,0),4) | O28: =IFERROR($L28*$M28,0) | P28: =IFERROR($L28*$N28,0) | Q28: normaal | R28: 2026-06-09 | S28: 24 | T28: 52.41182 | U28: 4.88947 | V28: Rigelstraat 19, Amsterdam | W28: Asfalt Schouw NOORD — 26 augustus 2026 | X28: 9/49 | Y28: 027-zonneweg.jpg | Z28: handgeschreven code "HB" in de kantlijn | AB28: SOK-AMS-ZONNEWEG | AD28: 3
A29: SOK-AMS-2026-028 | B29: Hotbox werkzaamheden | C29: Meteorenweg | D29: Tuindorp Oostzaan | E29: Meteorenweg / Zonneweg 4.60 x 0.90 + 1.80 x 1.20 | F29: 4,60 × 0,90 m + 1,80 × 1,20 m (samen 6,3 m²) | G29: 2 | H29: 6.4 | I29: 0.9 | J29: 6.3 | K29: =INDEX(Tarieven!$A$4:$E$7,MATCH($B29,Tarieven!$A$4:$A$7,0),2) | L29: =IF($K29="plek",$G29,IF($K29="m1",$H29,$J29)) | M29: =INDEX(Tarieven!$A$4:$E$7,MATCH($B29,Tarieven!$A$4:$A$7,0),3) | N29: =INDEX(Tarieven!$A$4:$E$7,MATCH($B29,Tarieven!$A$4:$A$7,0),4) | O29: =IFERROR($L29*$M29,0) | P29: =IFERROR($L29*$N29,0) | Q29: normaal | R29: 2026-06-09 | S29: 24 | T29: 52.4117 | U29: 4.8889 | V29: Zonneweg 3, Amsterdam | W29: Asfalt Schouw NOORD — 26 augustus 2026 | X29: 10/49 | Y29: 028-meteorenweg.jpg | Z29: handgeschreven code "HB" in de kantlijn | AB29: SOK-AMS-METEORENWEG | AD29: 1
A30: SOK-AMS-2026-029 | B30: Hotbox werkzaamheden | C30: Kometensingel | D30: Tuindorp Oostzaan | E30: Kometensingel v/a nr. 303 tot 265 12 x 2.60 x 0.40 foto 1. Nr. 265 2.20 x 0.90 + 1.80 x 0.60. Foto 3 nr 275 2.00 x 1.40. Foto 4. T/o Neptunusplein 1.60 x 2.00 | F30: 12× 2,60 × 0,40 m + 2,20 × 0,90 m + 1,80 × 0,60 m + 2,00 × 1,40 m + 2,00 × 1,60 m (samen 21,5 m²) | G30: 16 | H30: 39.2 | I30: 0.4 | J30: 21.54 | K30: =INDEX(Tarieven!$A$4:$E$7,MATCH($B30,Tarieven!$A$4:$A$7,0),2) | L30: =IF($K30="plek",$G30,IF($K30="m1",$H30,$J30)) | M30: =INDEX(Tarieven!$A$4:$E$7,MATCH($B30,Tarieven!$A$4:$A$7,0),3) | N30: =INDEX(Tarieven!$A$4:$E$7,MATCH($B30,Tarieven!$A$4:$A$7,0),4) | O30: =IFERROR($L30*$M30,0) | P30: =IFERROR($L30*$N30,0) | Q30: normaal | R30: 2026-06-09 | S30: 24 | T30: 52.41531 | U30: 4.88148 | V30: Kometensingel 303, Amsterdam | W30: Asfalt Schouw NOORD — 26 augustus 2026 | X30: 10/49 | Y30: 029-kometensingel.jpg | Z30: handgeschreven code "HB" in de kantlijn | AB30: SOK-AMS-KOMETENSINGEL | AD30: 4
A31: SOK-AMS-2026-030 | B31: Hotbox werkzaamheden | C31: Kometensingel | D31: Asfalt Schades Heel Noord | E31: Kometensingel 275 4.00 x 1.00 | F31: 4,00 × 1,00 m (samen 4,0 m²) | G31: 1 | H31: 4 | I31: 1 | J31: 4 | K31: =INDEX(Tarieven!$A$4:$E$7,MATCH($B31,Tarieven!$A$4:$A$7,0),2) | L31: =IF($K31="plek",$G31,IF($K31="m1",$H31,$J31)) | M31: =INDEX(Tarieven!$A$4:$E$7,MATCH($B31,Tarieven!$A$4:$A$7,0),3) | N31: =INDEX(Tarieven!$A$4:$E$7,MATCH($B31,Tarieven!$A$4:$A$7,0),4) | O31: =IFERROR($L31*$M31,0) | P31: =IFERROR($L31*$N31,0) | Q31: normaal | R31: 2026-06-09 | S31: 24 | T31: 52.41637 | U31: 4.88233 | V31: Kometensingel 271A, Amsterdam | W31: Asfalt Schouw NOORD — 26 augustus 2026 | X31: 10/49 | Y31: 030-kometensingel.jpg | Z31: handgeschreven code "HB" in de kantlijn | AB31: SOK-AMS-KOMETENSINGEL | AD31: 1
A32: SOK-AMS-2026-031 | B32: Hotbox werkzaamheden | C32: Meteorenweg | D32: Tuindorp Oostzaan | E32: Meteorenweg 267 0.90 x 1.30 | F32: 1,30 × 0,90 m (samen 1,2 m²) | G32: 1 | H32: 1.3 | I32: 0.9 | J32: 1.17 | K32: =INDEX(Tarieven!$A$4:$E$7,MATCH($B32,Tarieven!$A$4:$A$7,0),2) | L32: =IF($K32="plek",$G32,IF($K32="m1",$H32,$J32)) | M32: =INDEX(Tarieven!$A$4:$E$7,MATCH($B32,Tarieven!$A$4:$A$7,0),3) | N32: =INDEX(Tarieven!$A$4:$E$7,MATCH($B32,Tarieven!$A$4:$A$7,0),4) | O32: =IFERROR($L32*$M32,0) | P32: =IFERROR($L32*$N32,0) | Q32: normaal | R32: 2026-06-09 | S32: 24 | T32: 52.41472 | U32: 4.8818 | V32: Meteorenweg 232, Amsterdam | W32: Asfalt Schouw NOORD — 26 augustus 2026 | X32: 11/49 | Y32: 031-meteorenweg.jpg | Z32: handgeschreven code "HB" in de kantlijn | AB32: SOK-AMS-METEORENWEG | AD32: 1
A33: SOK-AMS-2026-032 | B33: Hotbox werkzaamheden | C33: Neptunusstraat | D33: Tuindorp Oostzaan | E33: Neptunusstr nr 332 3.75 x 1.20 foto 1. Foto 2 nr 2 2.50 x 040. Foto 3 nr.8 2.50 x 0.40 | F33: 3,75 × 1,20 m + 40,00 × 2,50 m + 2,50 × 0,40 m (samen 105,5 m²) | G33: 3 | H33: 46.25 | I33: 0.4 | J33: 105.5 | K33: =INDEX(Tarieven!$A$4:$E$7,MATCH($B33,Tarieven!$A$4:$A$7,0),2) | L33: =IF($K33="plek",$G33,IF($K33="m1",$H33,$J33)) | M33: =INDEX(Tarieven!$A$4:$E$7,MATCH($B33,Tarieven!$A$4:$A$7,0),3) | N33: =INDEX(Tarieven!$A$4:$E$7,MATCH($B33,Tarieven!$A$4:$A$7,0),4) | O33: =IFERROR($L33*$M33,0) | P33: =IFERROR($L33*$N33,0) | Q33: normaal | R33: 2026-06-09 | S33: 24 | T33: 52.41479 | U33: 4.8819 | V33: Neptunusstraat 2, Amsterdam | W33: Asfalt Schouw NOORD — 26 augustus 2026 | X33: 11/49 | Y33: 032-neptunusstraat.jpg | Z33: handgeschreven code "HB" in de kantlijn | AB33: SOK-AMS-NEPTUNUSSTRAAT | AD33: 3
A34: SOK-AMS-2026-033 | B34: Hotbox werkzaamheden | C34: Neptunusstraat | D34: Tuindorp Oostzaan | E34: Neptunesstr nr. 14 + 18 4.35 x 0,40 | F34: 4,35 × 0,40 m (samen 1,7 m²) | G34: 1 | H34: 4.35 | I34: 0.4 | J34: 1.74 | K34: =INDEX(Tarieven!$A$4:$E$7,MATCH($B34,Tarieven!$A$4:$A$7,0),2) | L34: =IF($K34="plek",$G34,IF($K34="m1",$H34,$J34)) | M34: =INDEX(Tarieven!$A$4:$E$7,MATCH($B34,Tarieven!$A$4:$A$7,0),3) | N34: =INDEX(Tarieven!$A$4:$E$7,MATCH($B34,Tarieven!$A$4:$A$7,0),4) | O34: =IFERROR($L34*$M34,0) | P34: =IFERROR($L34*$N34,0) | Q34: normaal | R34: 2026-06-10 | S34: 24 | T34: 52.4152 | U34: 4.88243 | V34: Neptunusstraat 14, Amsterdam | W34: Asfalt Schouw NOORD — 26 augustus 2026 | X34: 12/49 | Y34: 033-neptunusstraat.jpg | Z34: handgeschreven code "HB" in de kantlijn | AB34: SOK-AMS-NEPTUNUSSTRAAT | AD34: 1
A35: SOK-AMS-2026-034 | B35: Hotbox werkzaamheden | C35: Neptunusstraat | D35: Tuindorp Oostzaan | E35: Neptunusstr nr. 24 2.40 x 0.40 | F35: 2,40 × 0,40 m (samen 1,0 m²) | G35: 1 | H35: 2.4 | I35: 0.4 | J35: 0.96 | K35: =INDEX(Tarieven!$A$4:$E$7,MATCH($B35,Tarieven!$A$4:$A$7,0),2) | L35: =IF($K35="plek",$G35,IF($K35="m1",$H35,$J35)) | M35: =INDEX(Tarieven!$A$4:$E$7,MATCH($B35,Tarieven!$A$4:$A$7,0),3) | N35: =INDEX(Tarieven!$A$4:$E$7,MATCH($B35,Tarieven!$A$4:$A$7,0),4) | O35: =IFERROR($L35*$M35,0) | P35: =IFERROR($L35*$N35,0) | Q35: normaal | R35: 2026-06-10 | S35: 24 | T35: 52.41558 | U35: 4.88293 | V35: Neptunusstraat 24, Amsterdam | W35: Asfalt Schouw NOORD — 26 augustus 2026 | X35: 12/49 | Y35: 034-neptunusstraat.jpg | Z35: handgeschreven code "HB" in de kantlijn | AB35: SOK-AMS-NEPTUNUSSTRAAT | AD35: 1
A36: SOK-AMS-2026-035 | B36: Hotbox werkzaamheden | C36: Neptunusstraat | D36: Tuindorp Oostzaan | E36: Neptunusstr nr. 30 tot Uranusstr 15.25 x 0.60 | F36: 15,25 × 0,60 m (samen 9,2 m²) | G36: 1 | H36: 15.25 | I36: 0.6 | J36: 9.15 | K36: =INDEX(Tarieven!$A$4:$E$7,MATCH($B36,Tarieven!$A$4:$A$7,0),2) | L36: =IF($K36="plek",$G36,IF($K36="m1",$H36,$J36)) | M36: =INDEX(Tarieven!$A$4:$E$7,MATCH($B36,Tarieven!$A$4:$A$7,0),3) | N36: =INDEX(Tarieven!$A$4:$E$7,MATCH($B36,Tarieven!$A$4:$A$7,0),4) | O36: =IFERROR($L36*$M36,0) | P36: =IFERROR($L36*$N36,0) | Q36: normaal | R36: 2026-06-10 | S36: 24 | T36: 52.41558 | U36: 4.88293 | V36: Neptunusstraat 24, Amsterdam | W36: Asfalt Schouw NOORD — 26 augustus 2026 | X36: 12/49 | Y36: 035-neptunusstraat.jpg | Z36: handgeschreven code "HB" in de kantlijn | AB36: SOK-AMS-NEPTUNUSSTRAAT | AD36: 1
A37: SOK-AMS-2026-036 | B37: Asfalt machinaal | C37: Uranusstraat | D37: Tuindorp Oostzaan | E37: Uranusstr nr 32 tot nr. 10 62.50 x. 1 00 foto 1. Nr 1 tot Kometensingel 18 00 x 1.50 foto 2 | G37: 0 | K37: =INDEX(Tarieven!$A$4:$E$7,MATCH($B37,Tarieven!$A$4:$A$7,0),2) | L37: =IF($K37="plek",$G37,IF($K37="m1",$H37,$J37)) | M37: =INDEX(Tarieven!$A$4:$E$7,MATCH($B37,Tarieven!$A$4:$A$7,0),3) | N37: =INDEX(Tarieven!$A$4:$E$7,MATCH($B37,Tarieven!$A$4:$A$7,0),4) | O37: =IFERROR($L37*$M37,0) | P37: =IFERROR($L37*$N37,0) | Q37: normaal | R37: 2026-06-10 | S37: 24 | T37: 52.41574 | U37: 4.88308 | V37: Uranusstraat 31, Amsterdam | W37: Asfalt Schouw NOORD — 26 augustus 2026 | X37: 12/49 | Y37: 036-uranusstraat.jpg | Z37: handgeschreven code "AS" in de kantlijn | AA37: geen maatvoering in de bron | AB37: SOK-AMS-URANUSSTRAAT | AD37: 2
A38: SOK-AMS-2026-037 | B38: Hotbox werkzaamheden | C38: Mercuriusstraat | D38: Tuindorp Oostzaan | E38: Mercuriusstr nr. 43. 9.00 x 1.50 + 2.90 x 0.90 | F38: 9,00 × 1,50 m + 2,90 × 0,90 m (samen 16,1 m²) | G38: 2 | H38: 11.9 | I38: 0.9 | J38: 16.11 | K38: =INDEX(Tarieven!$A$4:$E$7,MATCH($B38,Tarieven!$A$4:$A$7,0),2) | L38: =IF($K38="plek",$G38,IF($K38="m1",$H38,$J38)) | M38: =INDEX(Tarieven!$A$4:$E$7,MATCH($B38,Tarieven!$A$4:$A$7,0),3) | N38: =INDEX(Tarieven!$A$4:$E$7,MATCH($B38,Tarieven!$A$4:$A$7,0),4) | O38: =IFERROR($L38*$M38,0) | P38: =IFERROR($L38*$N38,0) | Q38: normaal | R38: 2026-06-10 | S38: 24 | T38: 52.41507 | U38: 4.88429 | V38: Kometensingel 209, Amsterdam | W38: Asfalt Schouw NOORD — 26 augustus 2026 | X38: 13/49 | Y38: 037-mercuriusstraat.jpg | Z38: handgeschreven code "HB" in de kantlijn | AB38: SOK-AMS-MERCURIUSSTRAAT | AD38: 2
A39: SOK-AMS-2026-038 | B39: Hotbox werkzaamheden | C39: Saturnusstraat | D39: Tuindorp Oostzaan | E39: Saturnusstr nr. 1. 10.80 x 1.70 + 7.85 x 0.80 | F39: 10,80 × 1,70 m + 7,85 × 0,80 m (samen 24,6 m²) | G39: 2 | H39: 18.65 | I39: 0.8 | J39: 24.64 | K39: =INDEX(Tarieven!$A$4:$E$7,MATCH($B39,Tarieven!$A$4:$A$7,0),2) | L39: =IF($K39="plek",$G39,IF($K39="m1",$H39,$J39)) | M39: =INDEX(Tarieven!$A$4:$E$7,MATCH($B39,Tarieven!$A$4:$A$7,0),3) | N39: =INDEX(Tarieven!$A$4:$E$7,MATCH($B39,Tarieven!$A$4:$A$7,0),4) | O39: =IFERROR($L39*$M39,0) | P39: =IFERROR($L39*$N39,0) | Q39: normaal | R39: 2026-06-10 | S39: 24 | T39: 52.41518 | U39: 4.88411 | V39: Mercuriusstraat 43, Amsterdam | W39: Asfalt Schouw NOORD — 26 augustus 2026 | X39: 13/49 | Y39: 038-saturnusstraat.jpg | Z39: handgeschreven code "HB" in de kantlijn | AB39: SOK-AMS-SATURNUSSTRAAT | AD39: 2
A40: SOK-AMS-2026-039 | B40: Hotbox werkzaamheden | C40: Marsstraat | D40: Tuindorp Oostzaan | E40: Marsstr nr. 18 2x 2.20 x 0.45 | F40: 2× 2,20 × 0,45 m (samen 2,0 m²) | G40: 2 | H40: 4.4 | I40: 0.45 | J40: 1.98 | K40: =INDEX(Tarieven!$A$4:$E$7,MATCH($B40,Tarieven!$A$4:$A$7,0),2) | L40: =IF($K40="plek",$G40,IF($K40="m1",$H40,$J40)) | M40: =INDEX(Tarieven!$A$4:$E$7,MATCH($B40,Tarieven!$A$4:$A$7,0),3) | N40: =INDEX(Tarieven!$A$4:$E$7,MATCH($B40,Tarieven!$A$4:$A$7,0),4) | O40: =IFERROR($L40*$M40,0) | P40: =IFERROR($L40*$N40,0) | Q40: normaal | R40: 2026-07-20 | S40: 30 | T40: 52.41504 | U40: 4.88235 | V40: Marsstraat 20, Amsterdam | W40: Asfalt Schouw NOORD — 26 augustus 2026 | X40: 14/49 | Y40: 039-marsstraat.jpg | Z40: handgeschreven code "HB" in de kantlijn | AB40: SOK-AMS-MARSSTRAAT | AD40: 2
A41: SOK-AMS-2026-040 | B41: Hotbox werkzaamheden | C41: Marsstraat | D41: Tuindorp Oostzaan | E41: Marsstr nr. 2. 6.75 x 1.20 | F41: 6,75 × 1,20 m (samen 8,1 m²) | G41: 1 | H41: 6.75 | I41: 1.2 | J41: 8.1 | K41: =INDEX(Tarieven!$A$4:$E$7,MATCH($B41,Tarieven!$A$4:$A$7,0),2) | L41: =IF($K41="plek",$G41,IF($K41="m1",$H41,$J41)) | M41: =INDEX(Tarieven!$A$4:$E$7,MATCH($B41,Tarieven!$A$4:$A$7,0),3) | N41: =INDEX(Tarieven!$A$4:$E$7,MATCH($B41,Tarieven!$A$4:$A$7,0),4) | O41: =IFERROR($L41*$M41,0) | P41: =IFERROR($L41*$N41,0) | Q41: normaal | R41: 2026-07-20 | S41: 30 | T41: 52.41461 | U41: 4.8834 | V41: Mercuriusstraat 17, Amsterdam | W41: Asfalt Schouw NOORD — 26 augustus 2026 | X41: 14/49 | Y41: 040-marsstraat.jpg | Z41: handgeschreven code "HB" in de kantlijn | AB41: SOK-AMS-MARSSTRAAT | AD41: 2
A42: SOK-AMS-2026-041 | B42: Hotbox werkzaamheden | C42: Marsstraat | D42: Tuindorp Oostzaan | E42: V/a Marsstr tot Saturnstr 18.15 x 0.70 | F42: 18,15 × 0,70 m (samen 12,7 m²) | G42: 1 | H42: 18.15 | I42: 0.7 | J42: 12.7 | K42: =INDEX(Tarieven!$A$4:$E$7,MATCH($B42,Tarieven!$A$4:$A$7,0),2) | L42: =IF($K42="plek",$G42,IF($K42="m1",$H42,$J42)) | M42: =INDEX(Tarieven!$A$4:$E$7,MATCH($B42,Tarieven!$A$4:$A$7,0),3) | N42: =INDEX(Tarieven!$A$4:$E$7,MATCH($B42,Tarieven!$A$4:$A$7,0),4) | O42: =IFERROR($L42*$M42,0) | P42: =IFERROR($L42*$N42,0) | Q42: normaal | R42: 2026-07-20 | S42: 30 | T42: 52.41526 | U42: 4.88336 | V42: Saturnusstraat 14, Amsterdam | W42: Asfalt Schouw NOORD — 26 augustus 2026 | X42: 14/49 | Y42: 041-marsstraat.jpg | Z42: handgeschreven code "HB" in de kantlijn | AB42: SOK-AMS-MARSSTRAAT | AD42: 2
A43: SOK-AMS-2026-042 | B43: Asfalt machinaal | C43: Saturnusstraat | D43: Tuindorp Oostzaan | E43: Saturnusstr v/a nr. 16 tot nr. 28 38.00 x 1.60 | F43: 38,00 × 1,60 m (samen 60,8 m²) | G43: 1 | H43: 38 | I43: 1.6 | J43: 60.8 | K43: =INDEX(Tarieven!$A$4:$E$7,MATCH($B43,Tarieven!$A$4:$A$7,0),2) | L43: =IF($K43="plek",$G43,IF($K43="m1",$H43,$J43)) | M43: =INDEX(Tarieven!$A$4:$E$7,MATCH($B43,Tarieven!$A$4:$A$7,0),3) | N43: =INDEX(Tarieven!$A$4:$E$7,MATCH($B43,Tarieven!$A$4:$A$7,0),4) | O43: =IFERROR($L43*$M43,0) | P43: =IFERROR($L43*$N43,0) | Q43: normaal | R43: 2026-07-20 | S43: 30 | T43: 52.41536 | U43: 4.88317 | V43: Saturnusstraat 20, Amsterdam | W43: Asfalt Schouw NOORD — 26 augustus 2026 | X43: 15/49 | Y43: 042-saturnusstraat.jpg | Z43: handgeschreven code "AS" in de kantlijn | AB43: SOK-AMS-SATURNUSSTRAAT | AD43: 2
A44: SOK-AMS-2026-043 | B44: Hotbox werkzaamheden | C44: Jupiterstraat | D44: Tuindorp Oostzaan | E44: Jupiterstr v/a Saturnusstr 12.60 x 0.60 | F44: 12,60 × 0,60 m (samen 7,6 m²) | G44: 1 | H44: 12.6 | I44: 0.6 | J44: 7.56 | K44: =INDEX(Tarieven!$A$4:$E$7,MATCH($B44,Tarieven!$A$4:$A$7,0),2) | L44: =IF($K44="plek",$G44,IF($K44="m1",$H44,$J44)) | M44: =INDEX(Tarieven!$A$4:$E$7,MATCH($B44,Tarieven!$A$4:$A$7,0),3) | N44: =INDEX(Tarieven!$A$4:$E$7,MATCH($B44,Tarieven!$A$4:$A$7,0),4) | O44: =IFERROR($L44*$M44,0) | P44: =IFERROR($L44*$N44,0) | Q44: normaal | R44: 2026-07-20 | S44: 30 | T44: 52.41504 | U44: 4.88314 | V44: Jupiterstraat 12, Amsterdam | W44: Asfalt Schouw NOORD — 26 augustus 2026 | X44: 15/49 | Y44: 043-jupiterstraat.jpg | Z44: handgeschreven code "HB" in de kantlijn | AB44: SOK-AMS-JUPITERSTRAAT | AD44: 2
A45: SOK-AMS-2026-044 | B45: Hotbox werkzaamheden | C45: Uranusstraat | D45: Tuindorp Oostzaan | E45: Uranusstr v/a nr. 1 t/m Kometensingel 19.05 x 1.10 | F45: 19,05 × 1,10 m (samen 21,0 m²) | G45: 1 | H45: 19.05 | I45: 1.1 | J45: 20.96 | K45: =INDEX(Tarieven!$A$4:$E$7,MATCH($B45,Tarieven!$A$4:$A$7,0),2) | L45: =IF($K45="plek",$G45,IF($K45="m1",$H45,$J45)) | M45: =INDEX(Tarieven!$A$4:$E$7,MATCH($B45,Tarieven!$A$4:$A$7,0),3) | N45: =INDEX(Tarieven!$A$4:$E$7,MATCH($B45,Tarieven!$A$4:$A$7,0),4) | O45: =IFERROR($L45*$M45,0) | P45: =IFERROR($L45*$N45,0) | Q45: normaal | R45: 2026-07-20 | S45: 30 | T45: 52.4154 | U45: 4.88425 | V45: Uranusstraat 2, Amsterdam | W45: Asfalt Schouw NOORD — 26 augustus 2026 | X45: 15/49 | Y45: 044-uranusstraat.jpg | Z45: handgeschreven code "HB" in de kantlijn | AB45: SOK-AMS-URANUSSTRAAT | AD45: 2
A46: SOK-AMS-2026-045 | B46: Hotbox werkzaamheden | C46: Kometensingel | D46: Tuindorp Oostzaan | E46: Kometensingel t/o nr. 209 9.55 x 0.90 | F46: 9,55 × 0,90 m (samen 8,6 m²) | G46: 1 | H46: 9.55 | I46: 0.9 | J46: 8.6 | K46: =INDEX(Tarieven!$A$4:$E$7,MATCH($B46,Tarieven!$A$4:$A$7,0),2) | L46: =IF($K46="plek",$G46,IF($K46="m1",$H46,$J46)) | M46: =INDEX(Tarieven!$A$4:$E$7,MATCH($B46,Tarieven!$A$4:$A$7,0),3) | N46: =INDEX(Tarieven!$A$4:$E$7,MATCH($B46,Tarieven!$A$4:$A$7,0),4) | O46: =IFERROR($L46*$M46,0) | P46: =IFERROR($L46*$N46,0) | Q46: normaal | R46: 2026-07-20 | S46: 30 | T46: 52.41507 | U46: 4.88429 | V46: Kometensingel 209, Amsterdam | W46: Asfalt Schouw NOORD — 26 augustus 2026 | X46: 16/49 | Y46: 045-kometensingel.jpg | Z46: handgeschreven code "HB" in de kantlijn | AB46: SOK-AMS-KOMETENSINGEL | AD46: 2
A47: SOK-AMS-2026-046 | B47: Hotbox werkzaamheden | C47: Mercuriusstraat | D47: Tuindorp Oostzaan | E47: Mercuriusstr nr. 17 9.70 x 1.30 | F47: 9,70 × 1,30 m (samen 12,6 m²) | G47: 1 | H47: 9.7 | I47: 1.3 | J47: 12.61 | K47: =INDEX(Tarieven!$A$4:$E$7,MATCH($B47,Tarieven!$A$4:$A$7,0),2) | L47: =IF($K47="plek",$G47,IF($K47="m1",$H47,$J47)) | M47: =INDEX(Tarieven!$A$4:$E$7,MATCH($B47,Tarieven!$A$4:$A$7,0),3) | N47: =INDEX(Tarieven!$A$4:$E$7,MATCH($B47,Tarieven!$A$4:$A$7,0),4) | O47: =IFERROR($L47*$M47,0) | P47: =IFERROR($L47*$N47,0) | Q47: normaal | R47: 2026-07-20 | S47: 30 | T47: 52.41448 | U47: 4.88356 | V47: Mercuriusplein 11, Amsterdam | W47: Asfalt Schouw NOORD — 26 augustus 2026 | X47: 16/49 | Y47: 046-mercuriusstraat.jpg | Z47: handgeschreven code "HB" in de kantlijn | AB47: SOK-AMS-MERCURIUSSTRAAT | AD47: 2
A48: SOK-AMS-2026-047 | B48: Asfalt – nog in te delen | C48: Mercuriusstraat | D48: Tuindorp Oostzaan | E48: Mercuriusstr nr. 23 foto 1 8.30 x 0.40 foto 2 nr.25 t/m nr. 31 19.45 x 1.00 | F48: 8,30 × 0,40 m + 19,45 × 1,00 m (samen 22,8 m²) | G48: 2 | H48: 27.75 | I48: 0.4 | J48: 22.77 | K48: =INDEX(Tarieven!$A$4:$E$7,MATCH($B48,Tarieven!$A$4:$A$7,0),2) | L48: =IF($K48="plek",$G48,IF($K48="m1",$H48,$J48)) | M48: =INDEX(Tarieven!$A$4:$E$7,MATCH($B48,Tarieven!$A$4:$A$7,0),3) | N48: =INDEX(Tarieven!$A$4:$E$7,MATCH($B48,Tarieven!$A$4:$A$7,0),4) | O48: =IFERROR($L48*$M48,0) | P48: =IFERROR($L48*$N48,0) | Q48: normaal | R48: 2026-07-20 | S48: 30 | T48: 52.41467 | U48: 4.88377 | V48: Mercuriusplein 12. Amsterdam | W48: Asfalt Schouw NOORD — 26 augustus 2026 | X48: 16/49 | Y48: 047-mercuriusstraat.jpg | Z48: geen code in de kantlijn en geen asfaltsoort in de tekst | AB48: SOK-AMS-MERCURIUSSTRAAT | AD48: 3
A49: SOK-AMS-2026-048 | B49: Hotbox werkzaamheden | C49: Kometensingel | D49: Tuindorp Oostzaan | E49: Kometensingel nr. 29. 8.60 x 1.60 | F49: 8,60 × 1,60 m (samen 13,8 m²) | G49: 1 | H49: 8.6 | I49: 1.6 | J49: 13.76 | K49: =INDEX(Tarieven!$A$4:$E$7,MATCH($B49,Tarieven!$A$4:$A$7,0),2) | L49: =IF($K49="plek",$G49,IF($K49="m1",$H49,$J49)) | M49: =INDEX(Tarieven!$A$4:$E$7,MATCH($B49,Tarieven!$A$4:$A$7,0),3) | N49: =INDEX(Tarieven!$A$4:$E$7,MATCH($B49,Tarieven!$A$4:$A$7,0),4) | O49: =IFERROR($L49*$M49,0) | P49: =IFERROR($L49*$N49,0) | Q49: normaal | R49: 2026-07-20 | S49: 30 | T49: 52.41611 | U49: 4.88365 | V49: Kometensingel 249, Amsterdam | W49: Asfalt Schouw NOORD — 26 augustus 2026 | X49: 17/49 | Y49: 048-kometensingel.jpg | Z49: handgeschreven code "HB" in de kantlijn | AB49: SOK-AMS-KOMETENSINGEL | AD49: 2
... A67: SOK-AMS-2026-066 | B67: Asfalt machinaal | C67: Rigelstraat | D67: Tuindorp Oostzaan | E67: Rigelstr. Nr. 39 tot Maanstr 19.15 x 1.20 | F67: 19,15 × 1,20 m (samen 23,0 m²) | G67: 1 | H67: 19.15 | I67: 1.2 | J67: 22.98 | K67: =INDEX(Tarieven!$A$4:$E$7,MATCH($B67,Tarieven!$A$4:$A$7,0),2) | L67: =IF($K67="plek",$G67,IF($K67="m1",$H67,$J67)) | M67: =INDEX(Tarieven!$A$4:$E$7,MATCH($B67,Tarieven!$A$4:$A$7,0),3) | N67: =INDEX(Tarieven!$A$4:$E$7,MATCH($B67,Tarieven!$A$4:$A$7,0),4) | O67: =IFERROR($L67*$M67,0) | P67: =IFERROR($L67*$N67,0) | Q67: normaal | R67: 2026-07-21 | S67: 30 | T67: 52.41261 | U67: 4.88791 | V67: Rigelstraat 16, Amsterdam | W67: Asfalt Schouw NOORD — 26 augustus 2026 | X67: 23/49 | Y67: 066-rigelstraat.jpg | Z67: handgeschreven code "AS" in de kantlijn | AB67: SOK-AMS-RIGELSTRAAT | AD67: 2
A68: SOK-AMS-2026-067 | B68: Asfalt machinaal | C68: Rigelstraat | E68: Rigelstr. Nr. 41. 9.00 x 1.10 | F68: 9,00 × 1,10 m (samen 9,9 m²) | G68: 1 | H68: 9 | I68: 1.1 | J68: 9.9 | K68: =INDEX(Tarieven!$A$4:$E$7,MATCH($B68,Tarieven!$A$4:$A$7,0),2) | L68: =IF($K68="plek",$G68,IF($K68="m1",$H68,$J68)) | M68: =INDEX(Tarieven!$A$4:$E$7,MATCH($B68,Tarieven!$A$4:$A$7,0),3) | N68: =INDEX(Tarieven!$A$4:$E$7,MATCH($B68,Tarieven!$A$4:$A$7,0),4) | O68: =IFERROR($L68*$M68,0) | P68: =IFERROR($L68*$N68,0) | Q68: normaal | R68: 2026-07-21 | S68: 30 | T68: 52.41268 | U68: 4.88737 | V68: Maanstraat 11, Amsterdam | W68: Asfalt Schouw NOORD — 26 augustus 2026 | X68: 23/49 | Y68: 067-rigelstraat.jpg | Z68: handgeschreven code "AS" in de kantlijn | AB68: SOK-AMS-RIGELSTRAAT | AD68: 1
A69: SOK-AMS-2026-068 | B69: Asfalt machinaal | C69: Rigelstraat | D69: Tuindorp Oostzaan | E69: Rigelstr. Nr. 28 11.40 x 1.20 | F69: 11,40 × 1,20 m (samen 13,7 m²) | G69: 1 | H69: 11.4 | I69: 1.2 | J69: 13.68 | K69: =INDEX(Tarieven!$A$4:$E$7,MATCH($B69,Tarieven!$A$4:$A$7,0),2) | L69: =IF($K69="plek",$G69,IF($K69="m1",$H69,$J69)) | M69: =INDEX(Tarieven!$A$4:$E$7,MATCH($B69,Tarieven!$A$4:$A$7,0),3) | N69: =INDEX(Tarieven!$A$4:$E$7,MATCH($B69,Tarieven!$A$4:$A$7,0),4) | O69: =IFERROR($L69*$M69,0) | P69: =IFERROR($L69*$N69,0) | Q69: normaal | R69: 2026-07-21 | S69: 30 | T69: 52.41288 | U69: 4.8869 | V69: Rigelstraat 51, Amsterdam | W69: Asfalt Schouw NOORD — 26 augustus 2026 | X69: 23/49 | Y69: 068-rigelstraat.jpg | Z69: handgeschreven code "AS" in de kantlijn | AB69: SOK-AMS-RIGELSTRAAT | AD69: 2
A70: SOK-AMS-2026-069 | B70: Hotbox werkzaamheden | C70: Orionplantsoen | D70: Tuindorp Oostzaan | E70: Orionplantsoen nr. 1 tot Plejadenpin. 15.70 x 1.20 | F70: 15,70 × 1,20 m (samen 18,8 m²) | G70: 1 | H70: 15.7 | I70: 1.2 | J70: 18.84 | K70: =INDEX(Tarieven!$A$4:$E$7,MATCH($B70,Tarieven!$A$4:$A$7,0),2) | L70: =IF($K70="plek",$G70,IF($K70="m1",$H70,$J70)) | M70: =INDEX(Tarieven!$A$4:$E$7,MATCH($B70,Tarieven!$A$4:$A$7,0),3) | N70: =INDEX(Tarieven!$A$4:$E$7,MATCH($B70,Tarieven!$A$4:$A$7,0),4) | O70: =IFERROR($L70*$M70,0) | P70: =IFERROR($L70*$N70,0) | Q70: normaal | R70: 2026-07-21 | S70: 30 | T70: 52.41322 | U70: 4.88643 | V70: Plejadenplein 18, Amsterdam | W70: Asfalt Schouw NOORD — 26 augustus 2026 | X70: 23/49 | Y70: 069-orionplantsoen.jpg | Z70: handgeschreven code "HB" in de kantlijn | AB70: SOK-AMS-ORIONPLANTSOEN | AD70: 2
A71: SOK-AMS-2026-070 | B71: Hotbox werkzaamheden | C71: Orionplantsoen | E71: Orionplantsoennr. 10 6.00 x 1.20 | F71: 6,00 × 1,20 m (samen 7,2 m²) | G71: 1 | H71: 6 | I71: 1.2 | J71: 7.2 | K71: =INDEX(Tarieven!$A$4:$E$7,MATCH($B71,Tarieven!$A$4:$A$7,0),2) | L71: =IF($K71="plek",$G71,IF($K71="m1",$H71,$J71)) | M71: =INDEX(Tarieven!$A$4:$E$7,MATCH($B71,Tarieven!$A$4:$A$7,0),3) | N71: =INDEX(Tarieven!$A$4:$E$7,MATCH($B71,Tarieven!$A$4:$A$7,0),4) | O71: =IFERROR($L71*$M71,0) | P71: =IFERROR($L71*$N71,0) | Q71: normaal | R71: 2026-07-21 | S71: 30 | T71: 52.41317 | U71: 4.88708 | V71: Orionplantsoen 8, Amsterdam | W71: Asfalt Schouw NOORD — 26 augustus 2026 | X71: 24/49 | Y71: 070-orionplantsoen.jpg | Z71: handgeschreven code "HB" in de kantlijn | AB71: SOK-AMS-ORIONPLANTSOEN | AD71: 2
A72: SOK-AMS-2026-071 | B72: Hotbox werkzaamheden | C72: Orionstraat | D72: Tuindorp Oostzaan | E72: Orionstr. Nr. 78 foto 1. 60.00 x 1.00. Nr 84 foto 2. 2.20 x 1.00 | F72: 60,00 × 1,00 m + 2,20 × 1,00 m (samen 62,2 m²) | G72: 2 | H72: 62.2 | I72: 1 | J72: 62.2 | K72: =INDEX(Tarieven!$A$4:$E$7,MATCH($B72,Tarieven!$A$4:$A$7,0),2) | L72: =IF($K72="plek",$G72,IF($K72="m1",$H72,$J72)) | M72: =INDEX(Tarieven!$A$4:$E$7,MATCH($B72,Tarieven!$A$4:$A$7,0),3) | N72: =INDEX(Tarieven!$A$4:$E$7,MATCH($B72,Tarieven!$A$4:$A$7,0),4) | O72: =IFERROR($L72*$M72,0) | P72: =IFERROR($L72*$N72,0) | Q72: normaal | R72: 2026-07-21 | S72: 30 | T72: 52.41344 | U72: 4.88793 | V72: Orionstraat 81, Amsterdam | W72: Asfalt Schouw NOORD — 26 augustus 2026 | X72: 24/49 | Y72: 071-orionstraat.jpg | Z72: handgeschreven code "HB" in de kantlijn | AB72: SOK-AMS-ORIONSTRAAT | AD72: 2
A73: SOK-AMS-2026-072 | B73: Hotbox werkzaamheden | C73: Orionplantsoen | D73: Tuindorp Oostzaan | E73: Orionplantsoen nr. 30 6.20 x 0.30 | F73: 6,20 × 0,30 m (samen 1,9 m²) | G73: 1 | H73: 6.2 | I73: 0.3 | J73: 1.86 | K73: =INDEX(Tarieven!$A$4:$E$7,MATCH($B73,Tarieven!$A$4:$A$7,0),2) | L73: =IF($K73="plek",$G73,IF($K73="m1",$H73,$J73)) | M73: =INDEX(Tarieven!$A$4:$E$7,MATCH($B73,Tarieven!$A$4:$A$7,0),3) | N73: =INDEX(Tarieven!$A$4:$E$7,MATCH($B73,Tarieven!$A$4:$A$7,0),4) | O73: =IFERROR($L73*$M73,0) | P73: =IFERROR($L73*$N73,0) | Q73: normaal | R73: 2026-07-21 | S73: 30 | T73: 52.41382 | U73: 4.88802 | V73: Orionplantsoen 30, Amsterdam | W73: Asfalt Schouw NOORD — 26 augustus 2026 | X73: 24/49 | Y73: 072-orionplantsoen.jpg | Z73: handgeschreven code "HB" in de kantlijn | AB73: SOK-AMS-ORIONPLANTSOEN | AD73: 2
A74: SOK-AMS-2026-073 | B74: Hotbox werkzaamheden | C74: Kometensingel | D74: Tuindorp Oostzaan | E74: Kometensingel nr 173. 2.60 x 1.10 | F74: 2,60 × 1,10 m (samen 2,9 m²) | G74: 1 | H74: 2.6 | I74: 1.1 | J74: 2.86 | K74: =INDEX(Tarieven!$A$4:$E$7,MATCH($B74,Tarieven!$A$4:$A$7,0),2) | L74: =IF($K74="plek",$G74,IF($K74="m1",$H74,$J74)) | M74: =INDEX(Tarieven!$A$4:$E$7,MATCH($B74,Tarieven!$A$4:$A$7,0),3) | N74: =INDEX(Tarieven!$A$4:$E$7,MATCH($B74,Tarieven!$A$4:$A$7,0),4) | O74: =IFERROR($L74*$M74,0) | P74: =IFERROR($L74*$N74,0) | Q74: normaal | R74: 2026-07-21 | S74: 30 | T74: 52.4146 | U74: 4.88782 | V74: Maarsenhof 173, Amsterdam | W74: Asfalt Schouw NOORD — 26 augustus 2026 | X74: 25/49 | Y74: 073-kometensingel.jpg | Z74: handgeschreven code "HB" in de kantlijn | AB74: SOK-AMS-KOMETENSINGEL | AD74: 1
A75: SOK-AMS-2026-074 | B75: Hotbox werkzaamheden | C75: Argostraat | D75: Tuindorp Oostzaan | E75: Argostr nr 38. 2.00 x 1.80 | F75: 2,00 × 1,80 m (samen 3,6 m²) | G75: 1 | H75: 2 | I75: 1.8 | J75: 3.6 | K75: =INDEX(Tarieven!$A$4:$E$7,MATCH($B75,Tarieven!$A$4:$A$7,0),2) | L75: =IF($K75="plek",$G75,IF($K75="m1",$H75,$J75)) | M75: =INDEX(Tarieven!$A$4:$E$7,MATCH($B75,Tarieven!$A$4:$A$7,0),3) | N75: =INDEX(Tarieven!$A$4:$E$7,MATCH($B75,Tarieven!$A$4:$A$7,0),4) | O75: =IFERROR($L75*$M75,0) | P75: =IFERROR($L75*$N75,0) | Q75: normaal | R75: 2026-07-21 | S75: 30 | T75: 52.41378 | U75: 4.89 | V75: Argostraat 39, Amsterdam | W75: Asfalt Schouw NOORD — 26 augustus 2026 | X75: 25/49 | Y75: 074-argostraat.jpg | Z75: handgeschreven code "HB" in de kantlijn | AB75: SOK-AMS-ARGOSTRAAT | AD75: 1
A76: SOK-AMS-2026-075 | B76: Asfalt – nog in te delen | C76: Argostraat | D76: Tuindorp Oostzaan | E76: Argostr. Nr. 33 1.40 x 0.90 | F76: 1,40 × 0,90 m (samen 1,3 m²) | G76: 1 | H76: 1.4 | I76: 0.9 | J76: 1.26 | K76: =INDEX(Tarieven!$A$4:$E$7,MATCH($B76,Tarieven!$A$4:$A$7,0),2) | L76: =IF($K76="plek",$G76,IF($K76="m1",$H76,$J76)) | M76: =INDEX(Tarieven!$A$4:$E$7,MATCH($B76,Tarieven!$A$4:$A$7,0),3) | N76: =INDEX(Tarieven!$A$4:$E$7,MATCH($B76,Tarieven!$A$4:$A$7,0),4) | O76: =IFERROR($L76*$M76,0) | P76: =IFERROR($L76*$N76,0) | Q76: normaal | R76: 2026-07-21 | S76: 30 | T76: 52.41388 | U76: 4.89019 | V76: Argostraat 34, Amsterdam | W76: Asfalt Schouw NOORD — 26 augustus 2026 | X76: 25/49 | Y76: 075-argostraat.jpg | Z76: geen code in de kantlijn en geen asfaltsoort in de tekst | AB76: SOK-AMS-ARGOSTRAAT | AD76: 1
A77: SOK-AMS-2026-076 | B77: Asfalt – nog in te delen | C77: Planetenstraat | D77: Tuindorp Oostzaan | E77: Planetenstr. Nr. 2 3.40 x 1.20 | F77: 3,40 × 1,20 m (samen 4,1 m²) | G77: 1 | H77: 3.4 | I77: 1.2 | J77: 4.08 | K77: =INDEX(Tarieven!$A$4:$E$7,MATCH($B77,Tarieven!$A$4:$A$7,0),2) | L77: =IF($K77="plek",$G77,IF($K77="m1",$H77,$J77)) | M77: =INDEX(Tarieven!$A$4:$E$7,MATCH($B77,Tarieven!$A$4:$A$7,0),3) | N77: =INDEX(Tarieven!$A$4:$E$7,MATCH($B77,Tarieven!$A$4:$A$7,0),4) | O77: =IFERROR($L77*$M77,0) | P77: =IFERROR($L77*$N77,0) | Q77: normaal | R77: 2026-07-21 | S77: 30 | T77: 52.41369 | U77: 4.89018 | V77: Argostraat 33, Amsterdam | W77: Asfalt Schouw NOORD — 26 augustus 2026 | X77: 26/49 | Y77: 076-planetenstraat.jpg | Z77: geen code in de kantlijn en geen asfaltsoort in de tekst | AB77: SOK-AMS-PLANETENSTRAAT | AD77: 1
A78: SOK-AMS-2026-077 | B78: Asfalt machinaal | C78: Argostraat | D78: Tuindorp Oostzaan | E78: Argostr. Nr. 25 14.30 x 1.10 | F78: 14,30 × 1,10 m (samen 15,7 m²) | G78: 1 | H78: 14.3 | I78: 1.1 | J78: 15.73 | K78: =INDEX(Tarieven!$A$4:$E$7,MATCH($B78,Tarieven!$A$4:$A$7,0),2) | L78: =IF($K78="plek",$G78,IF($K78="m1",$H78,$J78)) | M78: =INDEX(Tarieven!$A$4:$E$7,MATCH($B78,Tarieven!$A$4:$A$7,0),3) | N78: =INDEX(Tarieven!$A$4:$E$7,MATCH($B78,Tarieven!$A$4:$A$7,0),4) | O78: =IFERROR($L78*$M78,0) | P78: =IFERROR($L78*$N78,0) | Q78: normaal | R78: 2026-07-21 | S78: 30 | T78: 52.4138 | U78: 4.89053 | V78: Planetenstraat 2, Amsterdam | W78: Asfalt Schouw NOORD — 26 augustus 2026 | X78: 26/49 | Y78: 077-argostraat.jpg | Z78: handgeschreven code "AS" in de kantlijn | AB78: SOK-AMS-ARGOSTRAAT | AD78: 2
A79: SOK-AMS-2026-078 | B79: Hotbox werkzaamheden | C79: Aldebaranstraat | D79: Tuindorp Oostzaan | E79: T/o Gutserstr. / Kotteraarstr Foto 1 fp. 2.00 x 0.30 foto 2. 9.45 x 0.30 | F79: 2,00 × 0,30 m + 9,45 × 0,30 m (samen 3,4 m²) | G79: 2 | H79: 11.45 | I79: 0.3 | J79: 3.43 | K79: =INDEX(Tarieven!$A$4:$E$7,MATCH($B79,Tarieven!$A$4:$A$7,0),2) | L79: =IF($K79="plek",$G79,IF($K79="m1",$H79,$J79)) | M79: =INDEX(Tarieven!$A$4:$E$7,MATCH($B79,Tarieven!$A$4:$A$7,0),3) | N79: =INDEX(Tarieven!$A$4:$E$7,MATCH($B79,Tarieven!$A$4:$A$7,0),4) | O79: =IFERROR($L79*$M79,0) | P79: =IFERROR($L79*$N79,0) | Q79: normaal | R79: 2026-07-21 | S79: 30 | T79: 52.41114 | U79: 4.89099 | V79: Aldebaranstraat 13, Amsterdam | W79: Asfalt Schouw NOORD — 26 augustus 2026 | X79: 26/49 | Y79: 078-aldebaranstraat.jpg | Z79: handgeschreven code "HB" in de kantlijn | AB79: SOK-AMS-ALDEBARANSTRAAT | AD79: 2
A80: SOK-AMS-2026-079 | B80: Hotbox werkzaamheden | C80: Koppelingpad | D80: Tuindorp Oostzaan | E80: Koppelingpad nr. 5. 3.20 x 2.00 | F80: 3,20 × 2,00 m (samen 6,4 m²) | G80: 1 | H80: 3.2 | I80: 2 | J80: 6.4 | K80: =INDEX(Tarieven!$A$4:$E$7,MATCH($B80,Tarieven!$A$4:$A$7,0),2) | L80: =IF($K80="plek",$G80,IF($K80="m1",$H80,$J80)) | M80: =INDEX(Tarieven!$A$4:$E$7,MATCH($B80,Tarieven!$A$4:$A$7,0),3) | N80: =INDEX(Tarieven!$A$4:$E$7,MATCH($B80,Tarieven!$A$4:$A$7,0),4) | O80: =IFERROR($L80*$M80,0) | P80: =IFERROR($L80*$N80,0) | Q80: normaal | R80: 2026-07-21 | S80: 30 | T80: 52.39566 | U80: 4.90735 | V80: Papaverweg 33, Amsterdam | W80: Asfalt Schouw NOORD — 26 augustus 2026 | X80: 27/49 | Y80: 079-koppelingpad.jpg | Z80: handgeschreven code "HB" in de kantlijn | AB80: SOK-AMS-KOPPELINGPAD | AD80: 2
A81: SOK-AMS-2026-080 | B81: Hotbox werkzaamheden | C81: Koppelingpad | D81: Tuindorp Oostzaan | E81: Koppelingpad nr. 8 0.90 x 1.80 + 2.20 x 1.90 | F81: 1,80 × 0,90 m + 2,20 × 1,90 m (samen 5,8 m²) | G81: 2 | H81: 4 | I81: 0.9 | J81: 5.8 | K81: =INDEX(Tarieven!$A$4:$E$7,MATCH($B81,Tarieven!$A$4:$A$7,0),2) | L81: =IF($K81="plek",$G81,IF($K81="m1",$H81,$J81)) | M81: =INDEX(Tarieven!$A$4:$E$7,MATCH($B81,Tarieven!$A$4:$A$7,0),3) | N81: =INDEX(Tarieven!$A$4:$E$7,MATCH($B81,Tarieven!$A$4:$A$7,0),4) | O81: =IFERROR($L81*$M81,0) | P81: =IFERROR($L81*$N81,0) | Q81: normaal | R81: 2026-07-21 | S81: 30 | T81: 52.40283 | U81: 4.90063 | V81: Koppelingpad 6, Amsterdam | W81: Asfalt Schouw NOORD — 26 augustus 2026 | X81: 27/49 | Y81: 080-koppelingpad.jpg | Z81: handgeschreven code "HB" in de kantlijn | AB81: SOK-AMS-KOPPELINGPAD | AD81: 2
A82: SOK-AMS-2026-081 | B82: Hotbox werkzaamheden | C82: Koppelingpad | D82: Tuindorp Oostzaan | E82: Koppelingpad nr. 11 9.00 x 0.30 + 2.20 x 1.60 | F82: 9,00 × 0,30 m + 2,20 × 1,60 m (samen 6,2 m²) | G82: 2 | H82: 11.2 | I82: 0.3 | J82: 6.22 | K82: =INDEX(Tarieven!$A$4:$E$7,MATCH($B82,Tarieven!$A$4:$A$7,0),2) | L82: =IF($K82="plek",$G82,IF($K82="m1",$H82,$J82)) | M82: =INDEX(Tarieven!$A$4:$E$7,MATCH($B82,Tarieven!$A$4:$A$7,0),3) | N82: =INDEX(Tarieven!$A$4:$E$7,MATCH($B82,Tarieven!$A$4:$A$7,0),4) | O82: =IFERROR($L82*$M82,0) | P82: =IFERROR($L82*$N82,0) | Q82: normaal | R82: 2026-07-21 | S82: 30 | T82: 52.40319 | U82: 4.90095 | V82: Koppelingpad 8, Amsterdam | W82: Asfalt Schouw NOORD — 26 augustus 2026 | X82: 27/49 | Y82: 081-koppelingpad.jpg | Z82: handgeschreven code "HB" in de kantlijn | AB82: SOK-AMS-KOPPELINGPAD | AD82: 2
A83: SOK-AMS-2026-082 | B83: Hotbox werkzaamheden | C83: Scheepsbouwweg | D83: Tuindorp Oostzaan | E83: Scheepsbouwerweg nr. 2. foto 1 Fp. 1.70 x 0.30. Foto 2. 6.80 x 0.30 | F83: 1,70 × 0,30 m + 6,80 × 0,30 m (samen 2,5 m²) | G83: 2 | H83: 8.5 | I83: 0.3 | J83: 2.55 | K83: =INDEX(Tarieven!$A$4:$E$7,MATCH($B83,Tarieven!$A$4:$A$7,0),2) | L83: =IF($K83="plek",$G83,IF($K83="m1",$H83,$J83)) | M83: =INDEX(Tarieven!$A$4:$E$7,MATCH($B83,Tarieven!$A$4:$A$7,0),3) | N83: =INDEX(Tarieven!$A$4:$E$7,MATCH($B83,Tarieven!$A$4:$A$7,0),4) | O83: =IFERROR($L83*$M83,0) | P83: =IFERROR($L83*$N83,0) | Q83: normaal | R83: 2026-07-21 | S83: 30 | T83: 52.40388 | U83: 4.89801 | V83: Scheepsbouwweg 2, Amsterdam | W83: Asfalt Schouw NOORD — 26 augustus 2026 | X83: 28/49 | Y83: 082-scheepsbouwweg.jpg | Z83: handgeschreven code "HB" in de kantlijn | AB83: SOK-AMS-SCHEEPSBOUWWEG | AD83: 2
... A90: SOK-AMS-2026-089 | B90: Hotbox werkzaamheden | C90: Perenpad | D90: Tuindorp Oostzaan | E90: Perenpad bij ingang sportpark. Foto 1 6.00 x 1.00. Foto 2 2.00 x 1.80 + 0.80 x 1.60 | F90: 6,00 × 1,00 m + 2,00 × 1,80 m + 1,60 × 0,80 m (samen 10,9 m²) | G90: 3 | H90: 9.6 | I90: 0.8 | J90: 10.88 | K90: =INDEX(Tarieven!$A$4:$E$7,MATCH($B90,Tarieven!$A$4:$A$7,0),2) | L90: =IF($K90="plek",$G90,IF($K90="m1",$H90,$J90)) | M90: =INDEX(Tarieven!$A$4:$E$7,MATCH($B90,Tarieven!$A$4:$A$7,0),3) | N90: =INDEX(Tarieven!$A$4:$E$7,MATCH($B90,Tarieven!$A$4:$A$7,0),4) | O90: =IFERROR($L90*$M90,0) | P90: =IFERROR($L90*$N90,0) | Q90: normaal | R90: 2026-07-21 | S90: 30 | T90: 52.41373 | U90: 4.89507 | V90: Perenpad 3-5, Amsterdam | W90: Asfalt Schouw NOORD — 26 augustus 2026 | X90: 30/49 | Y90: 089-perenpad.jpg | Z90: handgeschreven code "HB" in de kantlijn | AB90: SOK-AMS-PERENPAD | AD90: 2
A91: SOK-AMS-2026-090 | B91: Hotbox werkzaamheden | C91: Molenaarsweg | D91: Asfalt Schades Heel Noord | E91: Molenaarsweg / verlengde Stellingsweg richting A 10 stad uit | G91: 0 | K91: =INDEX(Tarieven!$A$4:$E$7,MATCH($B91,Tarieven!$A$4:$A$7,0),2) | L91: =IF($K91="plek",$G91,IF($K91="m1",$H91,$J91)) | M91: =INDEX(Tarieven!$A$4:$E$7,MATCH($B91,Tarieven!$A$4:$A$7,0),3) | N91: =INDEX(Tarieven!$A$4:$E$7,MATCH($B91,Tarieven!$A$4:$A$7,0),4) | O91: =IFERROR($L91*$M91,0) | P91: =IFERROR($L91*$N91,0) | Q91: normaal | R91: 2026-07-21 | S91: 30 | T91: 52.4202 | U91: 4.88323 | V91: Marskramerstraat 3. Amsterdam | W91: Asfalt Schouw NOORD — 26 augustus 2026 | X91: 30/49 | Y91: 090-molenaarsweg.jpg | Z91: handgeschreven code "HB" in de kantlijn | AA91: geen maatvoering in de bron | AB91: SOK-AMS-MOLENAARSWEG | AD91: 1
A92: SOK-AMS-2026-091 | B92: Hotbox werkzaamheden | C92: Kometensingel | D92: Asfalt Schades Heel Noord | E92: Kometensingel in bocht t.h.v. nr 261 | G92: 0 | K92: =INDEX(Tarieven!$A$4:$E$7,MATCH($B92,Tarieven!$A$4:$A$7,0),2) | L92: =IF($K92="plek",$G92,IF($K92="m1",$H92,$J92)) | M92: =INDEX(Tarieven!$A$4:$E$7,MATCH($B92,Tarieven!$A$4:$A$7,0),3) | N92: =INDEX(Tarieven!$A$4:$E$7,MATCH($B92,Tarieven!$A$4:$A$7,0),4) | O92: =IFERROR($L92*$M92,0) | P92: =IFERROR($L92*$N92,0) | Q92: normaal | R92: 2026-07-21 | S92: 30 | T92: 52.41663 | U92: 4.88284 | V92: Amsterdam | W92: Asfalt Schouw NOORD — 26 augustus 2026 | X92: 31/49 | Y92: 091-kometensingel.jpg | Z92: handgeschreven code "HB" in de kantlijn | AA92: geen maatvoering in de bron | AB92: SOK-AMS-KOMETENSINGEL | AD92: 2
A93: SOK-AMS-2026-092 | B93: Hotbox werkzaamheden | C93: Kometensingel | D93: Tuindorp Oostzaan | E93: Kometensingel t.h.v. de Bethelkerk 1.90 x 1.90 | F93: 1,90 × 1,90 m (samen 3,6 m²) | G93: 1 | H93: 1.9 | I93: 1.9 | J93: 3.61 | K93: =INDEX(Tarieven!$A$4:$E$7,MATCH($B93,Tarieven!$A$4:$A$7,0),2) | L93: =IF($K93="plek",$G93,IF($K93="m1",$H93,$J93)) | M93: =INDEX(Tarieven!$A$4:$E$7,MATCH($B93,Tarieven!$A$4:$A$7,0),3) | N93: =INDEX(Tarieven!$A$4:$E$7,MATCH($B93,Tarieven!$A$4:$A$7,0),4) | O93: =IFERROR($L93*$M93,0) | P93: =IFERROR($L93*$N93,0) | Q93: normaal | R93: 2026-07-21 | S93: 30 | T93: 52.41691 | U93: 4.88385 | V93: Kermispad 26, Amsterdam | W93: Asfalt Schouw NOORD — 26 augustus 2026 | X93: 31/49 | Y93: 092-kometensingel.jpg | Z93: handgeschreven code "HB" in de kantlijn | AB93: SOK-AMS-KOMETENSINGEL | AD93: 2
A94: SOK-AMS-2026-093 | B94: Hotbox werkzaamheden | C94: Scheepsbouwweg | D94: Tuindorp Oostzaan | E94: Scheepsbouwweg nr.175 Fp 0.50 x 1.90 | F94: 1,90 × 0,50 m (samen 0,9 m²) | G94: 1 | H94: 1.9 | I94: 0.5 | J94: 0.95 | K94: =INDEX(Tarieven!$A$4:$E$7,MATCH($B94,Tarieven!$A$4:$A$7,0),2) | L94: =IF($K94="plek",$G94,IF($K94="m1",$H94,$J94)) | M94: =INDEX(Tarieven!$A$4:$E$7,MATCH($B94,Tarieven!$A$4:$A$7,0),3) | N94: =INDEX(Tarieven!$A$4:$E$7,MATCH($B94,Tarieven!$A$4:$A$7,0),4) | O94: =IFERROR($L94*$M94,0) | P94: =IFERROR($L94*$N94,0) | Q94: normaal | R94: 2026-07-27 | S94: 31 | T94: 52.40785 | U94: 4.89994 | V94: Scheepsbouwweg 191, Amsterdam | W94: Asfalt Schouw NOORD — 26 augustus 2026 | X94: 32/49 | Y94: 093-scheepsbouwweg.jpg | Z94: handgeschreven code "HB" in de kantlijn | AB94: SOK-AMS-SCHEEPSBOUWWEG | AD94: 1
A95: SOK-AMS-2026-094 | B95: Asfalt machinaal | C95: Scheepsbouwweg | D95: Asfalt Schades Heel Noord | E95: Scheepsbouwweg nr 46 9.00 x 2.00 foto 1+2. Foto 3 nr. 48 14.00 x 1.10. Foto 4, 18.00 x 3.00 inclusief de goot | F95: 9,00 × 2,00 m + 14,00 × 1,10 m + 18,00 × 3,00 m (samen 87,4 m²) | G95: 3 | H95: 41 | I95: 1.1 | J95: 87.4 | K95: =INDEX(Tarieven!$A$4:$E$7,MATCH($B95,Tarieven!$A$4:$A$7,0),2) | L95: =IF($K95="plek",$G95,IF($K95="m1",$H95,$J95)) | M95: =INDEX(Tarieven!$A$4:$E$7,MATCH($B95,Tarieven!$A$4:$A$7,0),3) | N95: =INDEX(Tarieven!$A$4:$E$7,MATCH($B95,Tarieven!$A$4:$A$7,0),4) | O95: =IFERROR($L95*$M95,0) | P95: =IFERROR($L95*$N95,0) | Q95: normaal | R95: 2026-07-27 | S95: 31 | T95: 52.40784 | U95: 4.89928 | V95: Nageljongenstraat 17, Amsterdam | W95: Asfalt Schouw NOORD — 26 augustus 2026 | X95: 32/49 | Y95: 094-scheepsbouwweg.jpg | Z95: handgeschreven code "AS" in de kantlijn | AB95: SOK-AMS-SCHEEPSBOUWWEG | AD95: 4
A96: SOK-AMS-2026-095 | B96: Asfalt – nog in te delen | C96: Buiksloterdijk | D96: Kadoelen | E96: Buiksloterdijk, toegang gemaal. 4.50 x 0.40 | F96: 4,50 × 0,40 m (samen 1,8 m²) | G96: 1 | H96: 4.5 | I96: 0.4 | J96: 1.8 | K96: =INDEX(Tarieven!$A$4:$E$7,MATCH($B96,Tarieven!$A$4:$A$7,0),2) | L96: =IF($K96="plek",$G96,IF($K96="m1",$H96,$J96)) | M96: =INDEX(Tarieven!$A$4:$E$7,MATCH($B96,Tarieven!$A$4:$A$7,0),3) | N96: =INDEX(Tarieven!$A$4:$E$7,MATCH($B96,Tarieven!$A$4:$A$7,0),4) | O96: =IFERROR($L96*$M96,0) | P96: =IFERROR($L96*$N96,0) | Q96: normaal | R96: 2026-07-27 | S96: 31 | T96: 52.409 | U96: 4.9089 | V96: Landsmeerderdijk 213, Amsterdam | W96: Asfalt Schouw NOORD — 26 augustus 2026 | X96: 32/49 | Y96: 095-buiksloterdijk.jpg | Z96: geen code in de kantlijn en geen asfaltsoort in de tekst | AB96: SOK-AMS-BUIKSLOTERDIJK | AD96: 1
A97: SOK-AMS-2026-096 | B97: Asfalt machinaal | C97: Buiksloterdijk | D97: Asfalt Schades Heel Noord | E97: Buiksloterdijk toegang gemaal. 4.00 x 4.00 | F97: 4,00 × 4,00 m (samen 16,0 m²) | G97: 1 | H97: 4 | I97: 4 | J97: 16 | K97: =INDEX(Tarieven!$A$4:$E$7,MATCH($B97,Tarieven!$A$4:$A$7,0),2) | L97: =IF($K97="plek",$G97,IF($K97="m1",$H97,$J97)) | M97: =INDEX(Tarieven!$A$4:$E$7,MATCH($B97,Tarieven!$A$4:$A$7,0),3) | N97: =INDEX(Tarieven!$A$4:$E$7,MATCH($B97,Tarieven!$A$4:$A$7,0),4) | O97: =IFERROR($L97*$M97,0) | P97: =IFERROR($L97*$N97,0) | Q97: normaal | R97: 2026-07-27 | S97: 31 | T97: 52.40787 | U97: 4.90682 | V97: Kaneelappelstraat 126, Amsterdam | W97: Asfalt Schouw NOORD — 26 augustus 2026 | X97: 33/49 | Y97: 096-buiksloterdijk.jpg | Z97: handgeschreven code "AS" in de kantlijn | AB97: SOK-AMS-BUIKSLOTERDIJK | AD97: 2
A98: SOK-AMS-2026-097 | B98: Asfalt – nog in te delen | C98: Buiksloterdijk | D98: Kadoelen | E98: Buiksloterdijk nr. 140 8.00 x 0.60 | F98: 8,00 × 0,60 m (samen 4,8 m²) | G98: 1 | H98: 8 | I98: 0.6 | J98: 4.8 | K98: =INDEX(Tarieven!$A$4:$E$7,MATCH($B98,Tarieven!$A$4:$A$7,0),2) | L98: =IF($K98="plek",$G98,IF($K98="m1",$H98,$J98)) | M98: =INDEX(Tarieven!$A$4:$E$7,MATCH($B98,Tarieven!$A$4:$A$7,0),3) | N98: =INDEX(Tarieven!$A$4:$E$7,MATCH($B98,Tarieven!$A$4:$A$7,0),4) | O98: =IFERROR($L98*$M98,0) | P98: =IFERROR($L98*$N98,0) | Q98: normaal | R98: 2026-07-27 | S98: 31 | T98: 52.4092 | U98: 4.90745 | V98: Landsmeerderdijk 140, Amsterdam | W98: Asfalt Schouw NOORD — 26 augustus 2026 | X98: 33/49 | Y98: 097-buiksloterdijk.jpg | Z98: geen code in de kantlijn en geen asfaltsoort in de tekst | AB98: SOK-AMS-BUIKSLOTERDIJK | AD98: 1
A99: SOK-AMS-2026-098 | B99: Hotbox werkzaamheden | C99: Buiksloterdijk | D99: Kadoelen | E99: Buiksloterdijk tussen nr. 140 / 138. Fp. 1.60 x 1.60 | F99: 1,60 × 1,60 m (samen 2,6 m²) | G99: 1 | H99: 1.6 | I99: 1.6 | J99: 2.56 | K99: =INDEX(Tarieven!$A$4:$E$7,MATCH($B99,Tarieven!$A$4:$A$7,0),2) | L99: =IF($K99="plek",$G99,IF($K99="m1",$H99,$J99)) | M99: =INDEX(Tarieven!$A$4:$E$7,MATCH($B99,Tarieven!$A$4:$A$7,0),3) | N99: =INDEX(Tarieven!$A$4:$E$7,MATCH($B99,Tarieven!$A$4:$A$7,0),4) | O99: =IFERROR($L99*$M99,0) | P99: =IFERROR($L99*$N99,0) | Q99: normaal | R99: 2026-07-27 | S99: 31 | T99: 52.40906 | U99: 4.90835 | V99: Landsmeerderdijk 211, Amsterdam | W99: Asfalt Schouw NOORD — 26 augustus 2026 | X99: 33/49 | Y99: 098-buiksloterdijk.jpg | Z99: handgeschreven code "HB" in de kantlijn | AB99: SOK-AMS-BUIKSLOTERDIJK | AD99: 2
A100: SOK-AMS-2026-099 | B100: Hotbox werkzaamheden | C100: Buiksloterdijk | D100: Kadoelen | E100: Buiksloterdijk voor afslag Kadoelenweg. Foto 1 3.00 x 1.80. foto 2 3.60 x 1.60 | F100: 3,00 × 1,80 m + 3,60 × 1,60 m (samen 11,2 m²) | G100: 2 | H100: 6.6 | I100: 1.6 | J100: 11.16 | K100: =INDEX(Tarieven!$A$4:$E$7,MATCH($B100,Tarieven!$A$4:$A$7,0),2) | L100: =IF($K100="plek",$G100,IF($K100="m1",$H100,$J100)) | M100: =INDEX(Tarieven!$A$4:$E$7,MATCH($B100,Tarieven!$A$4:$A$7,0),3) | N100: =INDEX(Tarieven!$A$4:$E$7,MATCH($B100,Tarieven!$A$4:$A$7,0),4) | O100: =IFERROR($L100*$M100,0) | P100: =IFERROR($L100*$N100,0) | Q100: normaal | R100: 2026-07-27 | S100: 31 | T100: 52.40945 | U100: 4.90726 | V100: Landsmeerderdijk 138, Amsterdam | W100: Asfalt Schouw NOORD — 26 augustus 2026 | X100: 34/49 | Y100: 099-buiksloterdijk.jpg | Z100: handgeschreven code "HB" in de kantlijn | AB100: SOK-AMS-BUIKSLOTERDIJK | AD100: 2
A101: SOK-AMS-2026-100 | B101: Hotbox werkzaamheden | C101: Landsmeerderdijk | D101: Kadoelen | E101: Landsmeerdijk nr. 191 foto 1 7.60 x 0.70. Foto 2 + 3 55.30 | F101: 7,60 × 0,70 m (samen 5,3 m²) | G101: 1 | H101: 7.6 | I101: 0.7 | J101: 5.32 | K101: =INDEX(Tarieven!$A$4:$E$7,MATCH($B101,Tarieven!$A$4:$A$7,0),2) | L101: =IF($K101="plek",$G101,IF($K101="m1",$H101,$J101)) | M101: =INDEX(Tarieven!$A$4:$E$7,MATCH($B101,Tarieven!$A$4:$A$7,0),3) | N101: =INDEX(Tarieven!$A$4:$E$7,MATCH($B101,Tarieven!$A$4:$A$7,0),4) | O101: =IFERROR($L101*$M101,0) | P101: =IFERROR($L101*$N101,0) | Q101: normaal | R101: 2026-07-27 | S101: 31 | T101: 52.41022 | U101: 4.90668 | V101: Landsmeerderdijk 191, Amsterdam | W101: Asfalt Schouw NOORD — 26 augustus 2026 | X101: 34/49 | Y101: 100-landsmeerderdijk.jpg | Z101: handgeschreven code "HB" in de kantlijn | AB101: SOK-AMS-LANDSMEERDERDIJK | AD101: 3
A102: SOK-AMS-2026-101 | B102: Hotbox werkzaamheden | C102: Landsmeerderdijk | D102: Kadoelen | E102: Landsmeerdijk nr. 108 0.90 x 2.20 | F102: 2,20 × 0,90 m (samen 2,0 m²) | G102: 1 | H102: 2.2 | I102: 0.9 | J102: 1.98 | K102: =INDEX(Tarieven!$A$4:$E$7,MATCH($B102,Tarieven!$A$4:$A$7,0),2) | L102: =IF($K102="plek",$G102,IF($K102="m1",$H102,$J102)) | M102: =INDEX(Tarieven!$A$4:$E$7,MATCH($B102,Tarieven!$A$4:$A$7,0),3) | N102: =INDEX(Tarieven!$A$4:$E$7,MATCH($B102,Tarieven!$A$4:$A$7,0),4) | O102: =IFERROR($L102*$M102,0) | P102: =IFERROR($L102*$N102,0) | Q102: normaal | R102: 2026-07-27 | S102: 31 | T102: 52.41057 | U102: 4.90605 | V102: Leggende Osstraat 10, Amsterdam | W102: Asfalt Schouw NOORD — 26 augustus 2026 | X102: 34/49 | Y102: 101-landsmeerderdijk.jpg | Z102: handgeschreven code "HB" in de kantlijn | AB102: SOK-AMS-LANDSMEERDERDIJK | AD102: 1
A103: SOK-AMS-2026-102 | B103: Hotbox werkzaamheden | C103: Landsmeerderdijk | D103: Kadoelen | E103: Landsmeerdijk nr. 94 2.90 x 0.50 | F103: 2,90 × 0,50 m (samen 1,4 m²) | G103: 1 | H103: 2.9 | I103: 0.5 | J103: 1.45 | K103: =INDEX(Tarieven!$A$4:$E$7,MATCH($B103,Tarieven!$A$4:$A$7,0),2) | L103: =IF($K103="plek",$G103,IF($K103="m1",$H103,$J103)) | M103: =INDEX(Tarieven!$A$4:$E$7,MATCH($B103,Tarieven!$A$4:$A$7,0),3) | N103: =INDEX(Tarieven!$A$4:$E$7,MATCH($B103,Tarieven!$A$4:$A$7,0),4) | O103: =IFERROR($L103*$M103,0) | P103: =IFERROR($L103*$N103,0) | Q103: normaal | R103: 2026-07-27 | S103: 31 | T103: 52.4115 | U103: 4.90373 | V103: Landsmeerderdijk 94, Amsterdam | W103: Asfalt Schouw NOORD — 26 augustus 2026 | X103: 35/49 | Y103: 102-landsmeerderdijk.jpg | Z103: handgeschreven code "HB" in de kantlijn | AB103: SOK-AMS-LANDSMEERDERDIJK | AD103: 2
A104: SOK-AMS-2026-103 | B104: Asfalt machinaal | C104: Landsmeerderdijk | D104: Kadoelen | E104: Landsmeerdijk nr. 67 11.45 x 2.50 + 2.40 x 1. 40 | F104: 11,45 × 2,50 m + 2,40 × 1,00 m (samen 31,0 m²) | G104: 2 | H104: 13.85 | I104: 1 | J104: 31.02 | K104: =INDEX(Tarieven!$A$4:$E$7,MATCH($B104,Tarieven!$A$4:$A$7,0),2) | L104: =IF($K104="plek",$G104,IF($K104="m1",$H104,$J104)) | M104: =INDEX(Tarieven!$A$4:$E$7,MATCH($B104,Tarieven!$A$4:$A$7,0),3) | N104: =INDEX(Tarieven!$A$4:$E$7,MATCH($B104,Tarieven!$A$4:$A$7,0),4) | O104: =IFERROR($L104*$M104,0) | P104: =IFERROR($L104*$N104,0) | Q104: normaal | R104: 2026-07-27 | S104: 31 | T104: 52.41415 | U104: 4.90053 | V104: Landsmeerderdijk 67, Amsterdam | W104: Asfalt Schouw NOORD — 26 augustus 2026 | X104: 35/49 | Y104: 103-landsmeerderdijk.jpg | Z104: handgeschreven code "AS" in de kantlijn | AB104: SOK-AMS-LANDSMEERDERDIJK | AD104: 2
... A131: SOK-AMS-2026-130 | B131: Hotbox werkzaamheden | C131: Papaverweg | D131: Noordelijke IJ-Oevers-West | E131: Papaverweg fotol. 6.00 x 1.20 foto 2. 6.50 x 0.70 | F131: 6,00 × 1,20 m + 6,50 × 0,70 m (samen 11,8 m²) | G131: 2 | H131: 12.5 | I131: 0.7 | J131: 11.75 | K131: =INDEX(Tarieven!$A$4:$E$7,MATCH($B131,Tarieven!$A$4:$A$7,0),2) | L131: =IF($K131="plek",$G131,IF($K131="m1",$H131,$J131)) | M131: =INDEX(Tarieven!$A$4:$E$7,MATCH($B131,Tarieven!$A$4:$A$7,0),3) | N131: =INDEX(Tarieven!$A$4:$E$7,MATCH($B131,Tarieven!$A$4:$A$7,0),4) | O131: =IFERROR($L131*$M131,0) | P131: =IFERROR($L131*$N131,0) | Q131: normaal | R131: 2026-08-10 | S131: 33 | T131: 52.39728 | U131: 4.90444 | V131: Papaverweg 177, Amsterdam | W131: Asfalt Schouw NOORD — 26 augustus 2026 | X131: 45/49 | Y131: 130-papaverweg.jpg | Z131: handgeschreven code "HB" in de kantlijn | AB131: SOK-AMS-PAPAVERWEG | AD131: 2
A132: SOK-AMS-2026-131 | B132: Hotbox werkzaamheden | C132: Papaverweg | D132: Asfalt Schades Heel Noord | E132: Paverweg 18. 00 x 0.30 | G132: 0 | K132: =INDEX(Tarieven!$A$4:$E$7,MATCH($B132,Tarieven!$A$4:$A$7,0),2) | L132: =IF($K132="plek",$G132,IF($K132="m1",$H132,$J132)) | M132: =INDEX(Tarieven!$A$4:$E$7,MATCH($B132,Tarieven!$A$4:$A$7,0),3) | N132: =INDEX(Tarieven!$A$4:$E$7,MATCH($B132,Tarieven!$A$4:$A$7,0),4) | O132: =IFERROR($L132*$M132,0) | P132: =IFERROR($L132*$N132,0) | Q132: normaal | R132: 2026-08-10 | S132: 33 | T132: 52.39728 | U132: 4.90444 | V132: Papaverweg 177, Amsterdam | W132: Asfalt Schouw NOORD — 26 augustus 2026 | X132: 46/49 | Y132: 131-papaverweg.jpg | Z132: handgeschreven code "HB" in de kantlijn | AA132: geen maatvoering in de bron | AB132: SOK-AMS-PAPAVERWEG | AD132: 1
A133: SOK-AMS-2026-132 | B133: Hotbox werkzaamheden | C133: Papaverweg | D133: Noordelijke IJ-Oevers-West | E133: Papaverweg 13.00 x 1.20 | F133: 13,00 × 1,20 m (samen 15,6 m²) | G133: 1 | H133: 13 | I133: 1.2 | J133: 15.6 | K133: =INDEX(Tarieven!$A$4:$E$7,MATCH($B133,Tarieven!$A$4:$A$7,0),2) | L133: =IF($K133="plek",$G133,IF($K133="m1",$H133,$J133)) | M133: =INDEX(Tarieven!$A$4:$E$7,MATCH($B133,Tarieven!$A$4:$A$7,0),3) | N133: =INDEX(Tarieven!$A$4:$E$7,MATCH($B133,Tarieven!$A$4:$A$7,0),4) | O133: =IFERROR($L133*$M133,0) | P133: =IFERROR($L133*$N133,0) | Q133: normaal | R133: 2026-08-10 | S133: 33 | T133: 52.39668 | U133: 4.90654 | V133: Papaverhof 4, Amsterdam | W133: Asfalt Schouw NOORD — 26 augustus 2026 | X133: 46/49 | Y133: 132-papaverweg.jpg | Z133: handgeschreven code "HB" in de kantlijn | AB133: SOK-AMS-PAPAVERWEG | AD133: 1
A134: SOK-AMS-2026-133 | B134: Asfalt machinaal | C134: Papaverweg | D134: Noordelijke IJ-Oevers-West | E134: Papaverweg/ fonteinkruidstr. Foto 1 2.40 x 1.50 + 4.00 x 1.60. Foto 2. 16.00 x 6.00 | F134: 2,40 × 1,50 m + 4,00 × 1,60 m + 16,00 × 6,00 m (samen 106,0 m²) | G134: 3 | H134: 22.4 | I134: 1.5 | J134: 106 | K134: =INDEX(Tarieven!$A$4:$E$7,MATCH($B134,Tarieven!$A$4:$A$7,0),2) | L134: =IF($K134="plek",$G134,IF($K134="m1",$H134,$J134)) | M134: =INDEX(Tarieven!$A$4:$E$7,MATCH($B134,Tarieven!$A$4:$A$7,0),3) | N134: =INDEX(Tarieven!$A$4:$E$7,MATCH($B134,Tarieven!$A$4:$A$7,0),4) | O134: =IFERROR($L134*$M134,0) | P134: =IFERROR($L134*$N134,0) | Q134: normaal | R134: 2026-08-10 | S134: 33 | T134: 52.39618 | U134: 4.90695 | V134: Papaverweg 37B, Amsterdam | W134: Asfalt Schouw NOORD — 26 augustus 2026 | X134: 46/49 | Y134: 133-papaverweg.jpg | Z134: handgeschreven code "AS" in de kantlijn | AB134: SOK-AMS-PAPAVERWEG | AD134: 3
A135: SOK-AMS-2026-134 | B135: Hotbox werkzaamheden | C135: Papaverweg | D135: Noordelijke IJ-Oevers-West | E135: Papaverweg nr. 34 1.80 x 1.40 | F135: 1,80 × 1,40 m (samen 2,5 m²) | G135: 1 | H135: 1.8 | I135: 1.4 | J135: 2.52 | K135: =INDEX(Tarieven!$A$4:$E$7,MATCH($B135,Tarieven!$A$4:$A$7,0),2) | L135: =IF($K135="plek",$G135,IF($K135="m1",$H135,$J135)) | M135: =INDEX(Tarieven!$A$4:$E$7,MATCH($B135,Tarieven!$A$4:$A$7,0),3) | N135: =INDEX(Tarieven!$A$4:$E$7,MATCH($B135,Tarieven!$A$4:$A$7,0),4) | O135: =IFERROR($L135*$M135,0) | P135: =IFERROR($L135*$N135,0) | Q135: normaal | R135: 2026-08-10 | S135: 33 | T135: 52.39546 | U135: 4.90868 | V135: Struisgrasstraat 1A, Amsterdam | W135: Asfalt Schouw NOORD — 26 augustus 2026 | X135: 47/49 | Y135: 134-papaverweg.jpg | Z135: handgeschreven code "HB" in de kantlijn | AB135: SOK-AMS-PAPAVERWEG | AD135: 1
A136: SOK-AMS-2026-135 | B136: Hotbox werkzaamheden | C136: Papaverweg | D136: Noordelijke IJ-Oevers-West | E136: Papaverweg Kropaarstr. 6.00 x 1.20 | F136: 6,00 × 1,20 m (samen 7,2 m²) | G136: 1 | H136: 6 | I136: 1.2 | J136: 7.2 | K136: =INDEX(Tarieven!$A$4:$E$7,MATCH($B136,Tarieven!$A$4:$A$7,0),2) | L136: =IF($K136="plek",$G136,IF($K136="m1",$H136,$J136)) | M136: =INDEX(Tarieven!$A$4:$E$7,MATCH($B136,Tarieven!$A$4:$A$7,0),3) | N136: =INDEX(Tarieven!$A$4:$E$7,MATCH($B136,Tarieven!$A$4:$A$7,0),4) | O136: =IFERROR($L136*$M136,0) | P136: =IFERROR($L136*$N136,0) | Q136: normaal | R136: 2026-08-10 | S136: 33 | T136: 52.3949 | U136: 4.91092 | V136: Papaverweg 18, Amsterdam | W136: Asfalt Schouw NOORD — 26 augustus 2026 | X136: 47/49 | Y136: 135-papaverweg.jpg | Z136: handgeschreven code "HB" in de kantlijn | AB136: SOK-AMS-PAPAVERWEG | AD136: 2
A137: SOK-AMS-2026-136 | B137: Hotbox werkzaamheden | C137: Papaverweg | D137: Noordelijke IJ-Oevers-West | E137: Papaverweg v/a nr 80. Foto 1 3.30 x 0.60 | F137: 3,30 × 0,60 m (samen 2,0 m²) | G137: 1 | H137: 3.3 | I137: 0.6 | J137: 1.98 | K137: =INDEX(Tarieven!$A$4:$E$7,MATCH($B137,Tarieven!$A$4:$A$7,0),2) | L137: =IF($K137="plek",$G137,IF($K137="m1",$H137,$J137)) | M137: =INDEX(Tarieven!$A$4:$E$7,MATCH($B137,Tarieven!$A$4:$A$7,0),3) | N137: =INDEX(Tarieven!$A$4:$E$7,MATCH($B137,Tarieven!$A$4:$A$7,0),4) | O137: =IFERROR($L137*$M137,0) | P137: =IFERROR($L137*$N137,0) | Q137: normaal | R137: 2026-08-10 | S137: 33 | T137: 52.3949 | U137: 4.91092 | V137: Papaverweg 18, Amsterdam | W137: Asfalt Schouw NOORD — 26 augustus 2026 | X137: 47/49 | Y137: 136-papaverweg.jpg | Z137: handgeschreven code "HB" in de kantlijn | AB137: SOK-AMS-PAPAVERWEG | AD137: 1
A138: SOK-AMS-2026-137 | B138: Asfalt – nog in te delen | C138: Staghof | E138: Staghof, op locatie besproken of to wijken van de 45 graden ivm boom. Op klik melding stond data kabel gemeld+ kabel lichtmast. Extra bandenlijn aanpassen, gootlaag haaks opzetten. Geen boom bescherming aangebracht | G138: 0 | K138: =INDEX(Tarieven!$A$4:$E$7,MATCH($B138,Tarieven!$A$4:$A$7,0),2) | L138: =IF($K138="plek",$G138,IF($K138="m1",$H138,$J138)) | M138: =INDEX(Tarieven!$A$4:$E$7,MATCH($B138,Tarieven!$A$4:$A$7,0),3) | N138: =INDEX(Tarieven!$A$4:$E$7,MATCH($B138,Tarieven!$A$4:$A$7,0),4) | O138: =IFERROR($L138*$M138,0) | P138: =IFERROR($L138*$N138,0) | Q138: normaal | R138: 2026-08-18 | S138: 34 | T138: 52.41229 | U138: 4.92181 | V138: Staghof 149, Amsterdam | W138: Asfalt Schouw NOORD — 26 augustus 2026 | X138: 48/49 | Y138: 137-staghof.jpg | Z138: in het rapport groen doorgestreept — werksoort onduidelijk | AA138: geen maatvoering in de bron | AB138: SOK-AMS-STAGHOF | AD138: 4
A139: SOK-AMS-2026-138 | B139: Hotbox werkzaamheden | C139: Astasiastraat | D139: Kadoelen | E139: Antasiastr. t.h.v. Nr. 1 foto 1 5.00 x 0.60 foto 2 5.00 x 0.90 foto 3.60 x 2.30 + 1.60 x 2.30 | F139: 5,00 × 0,60 m + 5,00 × 0,90 m + 3,60 × 2,30 m + 2,30 × 1,60 m (samen 19,5 m²) | G139: 4 | H139: 15.9 | I139: 0.6 | J139: 19.46 | K139: =INDEX(Tarieven!$A$4:$E$7,MATCH($B139,Tarieven!$A$4:$A$7,0),2) | L139: =IF($K139="plek",$G139,IF($K139="m1",$H139,$J139)) | M139: =INDEX(Tarieven!$A$4:$E$7,MATCH($B139,Tarieven!$A$4:$A$7,0),3) | N139: =INDEX(Tarieven!$A$4:$E$7,MATCH($B139,Tarieven!$A$4:$A$7,0),4) | O139: =IFERROR($L139*$M139,0) | P139: =IFERROR($L139*$N139,0) | Q139: normaal | R139: 2026-08-18 | S139: 34 | T139: 52.41847 | U139: 4.90592 | V139: Astasiastraat 2, Amsterdam | W139: Asfalt Schouw NOORD — 26 augustus 2026 | X139: 48/49 | Y139: 138-astasiastraat.jpg | Z139: handgeschreven code "HB" in de kantlijn | AB139: SOK-AMS-ASTASIASTRAAT | AD139: 3
A140: SOK-AMS-2026-139 | B140: Asfalt – nog in te delen | C140: Astasiastraat | D140: Kadoelen | E140: Astasiastr. nr 15. 5.50 x 5.00 | F140: 5,50 × 5,00 m (samen 27,5 m²) | G140: 1 | H140: 5.5 | I140: 5 | J140: 27.5 | K140: =INDEX(Tarieven!$A$4:$E$7,MATCH($B140,Tarieven!$A$4:$A$7,0),2) | L140: =IF($K140="plek",$G140,IF($K140="m1",$H140,$J140)) | M140: =INDEX(Tarieven!$A$4:$E$7,MATCH($B140,Tarieven!$A$4:$A$7,0),3) | N140: =INDEX(Tarieven!$A$4:$E$7,MATCH($B140,Tarieven!$A$4:$A$7,0),4) | O140: =IFERROR($L140*$M140,0) | P140: =IFERROR($L140*$N140,0) | Q140: normaal | R140: 2026-08-18 | S140: 34 | T140: 52.41847 | U140: 4.90488 | V140: Astasiastraat 15HS, Amsterdam | W140: Asfalt Schouw NOORD — 26 augustus 2026 | X140: 48/49 | Y140: 139-astasiastraat.jpg | Z140: geen code in de kantlijn en geen asfaltsoort in de tekst | AB140: SOK-AMS-ASTASIASTRAAT | AD140: 1
A141: SOK-AMS-2026-140 | B141: Asfalt – nog in te delen | C141: Eudorinastraat | D141: Kadoelen | E141: Eudorinastr. vanaf nr. 2 tot nr 9. Foto 1 3.00 x 0.80. Foto 2 4.00 x 0.70 foto 3 5.50 x 4.80 | F141: 3,00 × 0,80 m + 4,00 × 0,70 m + 5,50 × 4,80 m (samen 31,6 m²) | G141: 3 | H141: 12.5 | I141: 0.7 | J141: 31.6 | K141: =INDEX(Tarieven!$A$4:$E$7,MATCH($B141,Tarieven!$A$4:$A$7,0),2) | L141: =IF($K141="plek",$G141,IF($K141="m1",$H141,$J141)) | M141: =INDEX(Tarieven!$A$4:$E$7,MATCH($B141,Tarieven!$A$4:$A$7,0),3) | N141: =INDEX(Tarieven!$A$4:$E$7,MATCH($B141,Tarieven!$A$4:$A$7,0),4) | O141: =IFERROR($L141*$M141,0) | P141: =IFERROR($L141*$N141,0) | Q141: normaal | R141: 2026-08-18 | S141: 34 | T141: 52.41796 | U141: 4.90399 | V141: Eudorinastraat 2, Amsterdam | W141: Asfalt Schouw NOORD — 26 augustus 2026 | X141: 49/49 | Y141: 140-eudorinastraat.jpg | Z141: geen code in de kantlijn en geen asfaltsoort in de tekst | AB141: SOK-AMS-EUDORINASTRAAT | AD141: 3
A142: SOK-AMS-2026-141 | B142: Hotbox werkzaamheden | C142: Meteorenweg | E142: Hotbox Werkzaamheden Asfalt Fietspad. 0,8 x 1,8 | F142: 1,80 × 0,80 m (samen 1,4 m²) | G142: 1 | H142: 1.8 | I142: 0.8 | J142: 1.44 | K142: =INDEX(Tarieven!$A$4:$E$7,MATCH($B142,Tarieven!$A$4:$A$7,0),2) | L142: =IF($K142="plek",$G142,IF($K142="m1",$H142,$J142)) | M142: =INDEX(Tarieven!$A$4:$E$7,MATCH($B142,Tarieven!$A$4:$A$7,0),3) | N142: =INDEX(Tarieven!$A$4:$E$7,MATCH($B142,Tarieven!$A$4:$A$7,0),4) | O142: =IFERROR($L142*$M142,0) | P142: =IFERROR($L142*$N142,0) | Q142: kritiek | R142: 2026-09-08 | S142: 37 | T142: 52.41102 | U142: 4.89009 | V142: Meteorenweg 88. Amsterdam | W142: Notities Asfalt NOORD 2026 / Herstelwerkzaamheden Noord | X142: 1/1 | Y142: 141-meteorenweg.jpg | Z142: de tekst noemt "Hotbox werkzaamheden" | AA142: PRIO — met de hand als voorrang aangemerkt | AB142: SOK-AMS-METEORENWEG | AD142: 1
A143: SOK-AMS-2026-142 | B143: Hotbox werkzaamheden | C143: Baanakkerspad | E143: Asfalt voetpad Baanakkerspad. 1,94 x 2,21 | F143: 2,21 × 1,94 m (samen 4,3 m²) | G143: 1 | H143: 2.21 | I143: 1.94 | J143: 4.29 | K143: =INDEX(Tarieven!$A$4:$E$7,MATCH($B143,Tarieven!$A$4:$A$7,0),2) | L143: =IF($K143="plek",$G143,IF($K143="m1",$H143,$J143)) | M143: =INDEX(Tarieven!$A$4:$E$7,MATCH($B143,Tarieven!$A$4:$A$7,0),3) | N143: =INDEX(Tarieven!$A$4:$E$7,MATCH($B143,Tarieven!$A$4:$A$7,0),4) | O143: =IFERROR($L143*$M143,0) | P143: =IFERROR($L143*$N143,0) | Q143: normaal | R143: 2026-08-27 | S143: 35 | W143: Notities Asfalt NOORD 2026 / Herstelwerkzaamheden Noord | X143: 1/1 | Y143: 142-baanakkerspad.jpg | Z143: handgeschreven code "HB" in de kantlijn | AA143: geen GPS in de bron — locatie handmatig bepalen | AB143: SOK-AMS-BAANAKKERSPAD | AD143: 1
A144: SOK-AMS-2026-143 | B144: Asfalt – nog in te delen | C144: Volendammerweg | E144: Volendammerweg 88 / Werengouw Opnieuw vierkant asfalteren van het zebrapad. Asfalt rijweg zwart -2,7 x 10,7 Asfalt Fietspad weerszijde -0.6 x 0,8m -0,6 x 1m | F144: 10,70 × 2,70 m + 0,80 × 0,60 m + 1,00 × 0,60 m (samen 30,0 m²) | G144: 3 | H144: 12.5 | I144: 0.6 | J144: 29.97 | K144: =INDEX(Tarieven!$A$4:$E$7,MATCH($B144,Tarieven!$A$4:$A$7,0),2) | L144: =IF($K144="plek",$G144,IF($K144="m1",$H144,$J144)) | M144: =INDEX(Tarieven!$A$4:$E$7,MATCH($B144,Tarieven!$A$4:$A$7,0),3) | N144: =INDEX(Tarieven!$A$4:$E$7,MATCH($B144,Tarieven!$A$4:$A$7,0),4) | O144: =IFERROR($L144*$M144,0) | P144: =IFERROR($L144*$N144,0) | Q144: normaal | R144: 2026-08-27 | S144: 35 | T144: 52.39112 | U144: 4.95433 | V144: Volendammerweg 88, Amsterdam | W144: Notities Asfalt NOORD 2026 / Herstelwerkzaamheden Noord | X144: 1/1 | Y144: 143-volendammerweg.jpg | Z144: geen code in de kantlijn; het rapport noemt wel de asfaltsoort maar niet de uitvoering | AB144: SOK-AMS-VOLENDAMMERWEG | AC144: zwart (rijweg) | AD144: 1
A145: SOK-AMS-2026-144 | B145: Asfalt – nog in te delen | C145: Buiksloterdijk | E145: Victorn: W26005509 Bedrijf: Liander, distributie Electriciteit Asfalt: Fietspad Datum: 11-03-2026 Stadsdeel: Noord Buurt: Buiksloterbreek Inzet Aantal Eenheid Opmerking Lengte 3,05 Breedte 1,81 ASFALT VOET - FIETSPADEN 5,5 | F145: 3,05 × 1,81 m (samen 5,5 m²) | G145: 1 | H145: 3.05 | I145: 1.81 | J145: 5.52 | K145: =INDEX(Tarieven!$A$4:$E$7,MATCH($B145,Tarieven!$A$4:$A$7,0),2) | L145: =IF($K145="plek",$G145,IF($K145="m1",$H145,$J145)) | M145: =INDEX(Tarieven!$A$4:$E$7,MATCH($B145,Tarieven!$A$4:$A$7,0),3) | N145: =INDEX(Tarieven!$A$4:$E$7,MATCH($B145,Tarieven!$A$4:$A$7,0),4) | O145: =IFERROR($L145*$M145,0) | P145: =IFERROR($L145*$N145,0) | Q145: normaal | R145: 2026-03-17 | S145: 12 | T145: 52.40496 | U145: 4.90486 | V145: Buiksloterdijk 455, Amsterdam | W145: Notities Asfalt NOORD 2026 / Herstelwerkzaamheden Noord | X145: 1/1 | Y145: 144-buiksloterdijk.jpg | Z145: geen code in de kantlijn en geen asfaltsoort in de tekst | AB145: SOK-AMS-BUIKSLOTERDIJK | AD145: 1
A146: SOK-AMS-2026-145 | B146: Asfalt – nog in te delen | C146: Rigelstraat | E146: Herstelpunten project Maanstraat 14 Plejadeplein 18: -Rijweg koud asfalt aanbrengen -De witte tegel vervangen voor grijs. Rigelstraat 39: -De verzakkingen aan de buitenste lagen herstellen. -Deets van de parkeervak netjes maken (foto 3,4 en 5) Maanstraat 23: -De twee gezaagde 1 3/15 banden vervangen.(foto 6) Orionstraat 43,: -Koud asfalt aanbrengen. Orionstraat 81 t/m 87 -Deets goed aftrillen. Orionstraat 85. -Deels de verzakking van de klinkers herstellen | G146: 0 | K146: =INDEX(Tarieven!$A$4:$E$7,MATCH($B146,Tarieven!$A$4:$A$7,0),2) | L146: =IF($K146="plek",$G146,IF($K146="m1",$H146,$J146)) | M146: =INDEX(Tarieven!$A$4:$E$7,MATCH($B146,Tarieven!$A$4:$A$7,0),3) | N146: =INDEX(Tarieven!$A$4:$E$7,MATCH($B146,Tarieven!$A$4:$A$7,0),4) | O146: =IFERROR($L146*$M146,0) | P146: =IFERROR($L146*$N146,0) | Q146: normaal | R146: 2026-04-24 | S146: 17 | T146: 52.41337 | U146: 4.8861 | V146: Plejadenplein 30, Amsterdam | W146: Notities Asfalt NOORD 2026 / Herstelwerkzaamheden Noord | X146: 1/3 | Y146: 145-rigelstraat.jpg | Z146: geen code in de kantlijn en geen asfaltsoort in de tekst | AA146: geen maatvoering in de bron | AB146: SOK-AMS-RIGELSTRAAT | AD146: 1
A147: SOK-AMS-2026-146 | B147: Asfalt – nog in te delen | C147: Neptunusstraat | E147: Victorn: W26010252 Bedrijf: Liander, distributie Electriciteit Asfalt: rijweg(zwart) Datum: 11-05-2026 Stadsdeel: Noord Inzet Aantal Eenheid Opmerking Lengte 2,49 Breedte 0,46 m Asfalt Rijweg 1,15 | F147: 2,49 × 0,46 m (samen 1,1 m²) | G147: 1 | H147: 2.49 | I147: 0.46 | J147: 1.15 | K147: =INDEX(Tarieven!$A$4:$E$7,MATCH($B147,Tarieven!$A$4:$A$7,0),2) | L147: =IF($K147="plek",$G147,IF($K147="m1",$H147,$J147)) | M147: =INDEX(Tarieven!$A$4:$E$7,MATCH($B147,Tarieven!$A$4:$A$7,0),3) | N147: =INDEX(Tarieven!$A$4:$E$7,MATCH($B147,Tarieven!$A$4:$A$7,0),4) | O147: =IFERROR($L147*$M147,0) | P147: =IFERROR($L147*$N147,0) | Q147: normaal | R147: 2026-05-19 | S147: 21 | T147: 52.4149 | U147: 4.88204 | V147: Neptunusstraat 8, Amsterdam | W147: Notities Asfalt NOORD 2026 / Herstelwerkzaamheden Noord | X147: 1/2 | Y147: 146-neptunusstraat.jpg | Z147: geen code in de kantlijn; het rapport noemt wel de asfaltsoort maar niet de uitvoering | AB147: SOK-AMS-NEPTUNUSSTRAAT | AC147: zwart (rijweg) | AD147: 1
A148: SOK-AMS-2026-147 | B148: Asfalt – nog in te delen | C148: Plejadenplein | E148: Victorn: W26008953 Bedrijf: Liander, distributie Gas Asfalt: rijweg(zwart) Datum: 23-04-2026 Stadsdeel: Noord Buurt: Tuindorp Oostzaan-Oost Inzet Aantal Eenheid Opmerking Lengte 2,05 m Breedte 2 Asfalt Rijweg 4,1 | F148: 2,05 × 2,00 m (samen 4,1 m²) | G148: 1 | H148: 2.05 | I148: 2 | J148: 4.1 | K148: =INDEX(Tarieven!$A$4:$E$7,MATCH($B148,Tarieven!$A$4:$A$7,0),2) | L148: =IF($K148="plek",$G148,IF($K148="m1",$H148,$J148)) | M148: =INDEX(Tarieven!$A$4:$E$7,MATCH($B148,Tarieven!$A$4:$A$7,0),3) | N148: =INDEX(Tarieven!$A$4:$E$7,MATCH($B148,Tarieven!$A$4:$A$7,0),4) | O148: =IFERROR($L148*$M148,0) | P148: =IFERROR($L148*$N148,0) | Q148: normaal | R148: 2026-05-19 | S148: 21 | T148: 52.41431 | U148: 4.88512 | V148: Plejadenplein 25, Amsterdam | W148: Notities Asfalt NOORD 2026 / Herstelwerkzaamheden Noord | X148: 1/2 | Y148: 147-plejadenplein.jpg | Z148: geen code in de kantlijn; het rapport noemt wel de asfaltsoort maar niet de uitvoering | AB148: SOK-AMS-PLEJADENPLEIN | AC148: zwart (rijweg) | AD148: 1
A149: SOK-AMS-2026-148 | B149: Asfalt – nog in te delen | C149: Landsmeerderdijk | E149: Victorn: W26010929 Bedrijf: Liander, distributie Gas Asfalt: rijweg(zwart) Datum: 22-05-2026 Stadsdeel: Noord Buurt: Kadoelen lnzet Aantal Eenheid Opmerking Lengte 3,98 Breedte 1,68 m Asfalt Rijweg 6,69 | F149: 3,98 × 1,68 m (samen 6,7 m²) | G149: 1 | H149: 3.98 | I149: 1.68 | J149: 6.69 | K149: =INDEX(Tarieven!$A$4:$E$7,MATCH($B149,Tarieven!$A$4:$A$7,0),2) | L149: =IF($K149="plek",$G149,IF($K149="m1",$H149,$J149)) | M149: =INDEX(Tarieven!$A$4:$E$7,MATCH($B149,Tarieven!$A$4:$A$7,0),3) | N149: =INDEX(Tarieven!$A$4:$E$7,MATCH($B149,Tarieven!$A$4:$A$7,0),4) | O149: =IFERROR($L149*$M149,0) | P149: =IFERROR($L149*$N149,0) | Q149: normaal | R149: 2026-05-27 | S149: 22 | T149: 52.40992 | U149: 4.90737 | V149: Landsmeerderdijk 195, Amsterdam | W149: Notities Asfalt NOORD 2026 / Herstelwerkzaamheden Noord | X149: 1/2 | Y149: 148-landsmeerderdijk.jpg | Z149: geen code in de kantlijn; het rapport noemt wel de asfaltsoort maar niet de uitvoering | AB149: SOK-AMS-LANDSMEERDERDIJK | AC149: zwart (rijweg) | AD149: 1
...

Sheet Per werksoort
A1: Samenvatting per werksoort
A3: Werksoort | B3: Aantal locaties | C3: Vlakken | D3: Lengte (m) | E3: Oppervlak (m2) | F3: Kosten min | G3: Kosten max
A4: Hotbox werkzaamheden | B4: =COUNTIF(Locaties!$B$2:$B$157,$A4) | C4: =SUMIF(Locaties!$B$2:$B$157,$A4,Locaties!$G$2:$G$157) | D4: =SUMIF(Locaties!$B$2:$B$157,$A4,Locaties!$H$2:$H$157) | E4: =SUMIF(Locaties!$B$2:$B$157,$A4,Locaties!$J$2:$J$157) | F4: =SUMIF(Locaties!$B$2:$B$157,$A4,Locaties!$O$2:$O$157) | G4: =SUMIF(Locaties!$B$2:$B$157,$A4,Locaties!$P$2:$P$157)
A5: Asfalt machinaal | B5: =COUNTIF(Locaties!$B$2:$B$157,$A5) | C5: =SUMIF(Locaties!$B$2:$B$157,$A5,Locaties!$G$2:$G$157) | D5: =SUMIF(Locaties!$B$2:$B$157,$A5,Locaties!$H$2:$H$157) | E5: =SUMIF(Locaties!$B$2:$B$157,$A5,Locaties!$J$2:$J$157) | F5: =SUMIF(Locaties!$B$2:$B$157,$A5,Locaties!$O$2:$O$157) | G5: =SUMIF(Locaties!$B$2:$B$157,$A5,Locaties!$P$2:$P$157)
A6: Scheuren vullen | B6: =COUNTIF(Locaties!$B$2:$B$157,$A6) | C6: =SUMIF(Locaties!$B$2:$B$157,$A6,Locaties!$G$2:$G$157) | D6: =SUMIF(Locaties!$B$2:$B$157,$A6,Locaties!$H$2:$H$157) | E6: =SUMIF(Locaties!$B$2:$B$157,$A6,Locaties!$J$2:$J$157) | F6: =SUMIF(Locaties!$B$2:$B$157,$A6,Locaties!$O$2:$O$157) | G6: =SUMIF(Locaties!$B$2:$B$157,$A6,Locaties!$P$2:$P$157)
A7: Asfalt – nog in te delen | B7: =COUNTIF(Locaties!$B$2:$B$157,$A7) | C7: =SUMIF(Locaties!$B$2:$B$157,$A7,Locaties!$G$2:$G$157) | D7: =SUMIF(Locaties!$B$2:$B$157,$A7,Locaties!$H$2:$H$157) | E7: =SUMIF(Locaties!$B$2:$B$157,$A7,Locaties!$J$2:$J$157) | F7: =SUMIF(Locaties!$B$2:$B$157,$A7,Locaties!$O$2:$O$157) | G7: =SUMIF(Locaties!$B$2:$B$157,$A7,Locaties!$P$2:$P$157)
A8: Totaal | B8: =SUM(B4:B7) | C8: =SUM(C4:C7) | D8: =SUM(D4:D7) | E8: =SUM(E4:E7) | F8: =SUM(F4:F7) | G8: =SUM(G4:G7)

Sheet Per asfaltsoort
A1: Rood asfalt tegenover zwart asfalt
A2: Het bronrapport noemt de asfaltsoort alleen bij de herstelpunten van de nutsbedrijven. Bij de rest staat het er niet.
A4: Asfaltsoort | B4: Aantal locaties | C4: Percentage | D4: Oppervlak (m2) | E4: Kosten min | F4: Kosten max
A5: zwart (rijweg) | B5: =COUNTIF(Locaties!$AC$2:$AC$157,$A5) | C5: =IFERROR($B5/$B$8,0) | D5: =SUMIF(Locaties!$AC$2:$AC$157,$A5,Locaties!$J$2:$J$157) | E5: =SUMIF(Locaties!$AC$2:$AC$157,$A5,Locaties!$O$2:$O$157) | F5: =SUMIF(Locaties!$AC$2:$AC$157,$A5,Locaties!$P$2:$P$157)
A6: rood (fiets-/voetpad) | B6: =COUNTIF(Locaties!$AC$2:$AC$157,$A6) | C6: =IFERROR($B6/$B$8,0) | D6: =SUMIF(Locaties!$AC$2:$AC$157,$A6,Locaties!$J$2:$J$157) | E6: =SUMIF(Locaties!$AC$2:$AC$157,$A6,Locaties!$O$2:$O$157) | F6: =SUMIF(Locaties!$AC$2:$AC$157,$A6,Locaties!$P$2:$P$157)
A7: niet vermeld in het rapport | B7: =$B$8-SUM(B5:B6) | C7: =IFERROR($B7/$B$8,0) | D7: =SUM(Locaties!$J$2:$J$157)-SUM(D5:D6) | E7: =SUM(Locaties!$O$2:$O$157)-SUM(E5:E6) | F7: =SUM(Locaties!$P$2:$P$157)-SUM(F5:F6)
A8: Totaal (alle locaties) | B8: =COUNTA(Locaties!$A$2:$A$157) | C8: =SUM(C5:C7) | D8: =SUM(Locaties!$J$2:$J$157) | E8: =SUM(Locaties!$O$2:$O$157) | F8: =SUM(Locaties!$P$2:$P$157)

Sheet Per weg
A1: Samenvatting per weg
A3: Weg | B3: Buurt | C3: Aantal locaties | D3: Oppervlak (m2) | E3: Kosten min | F3: Kosten max | G3: Conditie (afgeleid)
A4: Aldebaranplein | B4: Amsterdam-Noord — Tuindorp Oostzaan | C4: =COUNTIF(Locaties!$C$2:$C$157,$A4) | D4: =SUMIF(Locaties!$C$2:$C$157,$A4,Locaties!$J$2:$J$157) | E4: =SUMIF(Locaties!$C$2:$C$157,$A4,Locaties!$O$2:$O$157) | F4: =SUMIF(Locaties!$C$2:$C$157,$A4,Locaties!$P$2:$P$157) | G4: 2
A5: Aldebaranstraat | B5: Amsterdam-Noord — Tuindorp Oostzaan | C5: =COUNTIF(Locaties!$C$2:$C$157,$A5) | D5: =SUMIF(Locaties!$C$2:$C$157,$A5,Locaties!$J$2:$J$157) | E5: =SUMIF(Locaties!$C$2:$C$157,$A5,Locaties!$O$2:$O$157) | F5: =SUMIF(Locaties!$C$2:$C$157,$A5,Locaties!$P$2:$P$157) | G5: 4
A6: Appelweg | B6: Amsterdam-Noord — Tuindorp Oostzaan | C6: =COUNTIF(Locaties!$C$2:$C$157,$A6) | D6: =SUMIF(Locaties!$C$2:$C$157,$A6,Locaties!$J$2:$J$157) | E6: =SUMIF(Locaties!$C$2:$C$157,$A6,Locaties!$O$2:$O$157) | F6: =SUMIF(Locaties!$C$2:$C$157,$A6,Locaties!$P$2:$P$157) | G6: 2
A7: Argostraat | B7: Amsterdam-Noord — Tuindorp Oostzaan | C7: =COUNTIF(Locaties!$C$2:$C$157,$A7) | D7: =SUMIF(Locaties!$C$2:$C$157,$A7,Locaties!$J$2:$J$157) | E7: =SUMIF(Locaties!$C$2:$C$157,$A7,Locaties!$O$2:$O$157) | F7: =SUMIF(Locaties!$C$2:$C$157,$A7,Locaties!$P$2:$P$157) | G7: 3
A8: Astasiastraat | B8: Amsterdam-Noord — Kadoelen | C8: =COUNTIF(Locaties!$C$2:$C$157,$A8) | D8: =SUMIF(Locaties!$C$2:$C$157,$A8,Locaties!$J$2:$J$157) | E8: =SUMIF(Locaties!$C$2:$C$157,$A8,Locaties!$O$2:$O$157) | F8: =SUMIF(Locaties!$C$2:$C$157,$A8,Locaties!$P$2:$P$157) | G8: 4
A9: Baanakkerspad | B9: Amsterdam-Noord | C9: =COUNTIF(Locaties!$C$2:$C$157,$A9) | D9: =SUMIF(Locaties!$C$2:$C$157,$A9,Locaties!$J$2:$J$157) | E9: =SUMIF(Locaties!$C$2:$C$157,$A9,Locaties!$O$2:$O$157) | F9: =SUMIF(Locaties!$C$2:$C$157,$A9,Locaties!$P$2:$P$157) | G9: 2
A10: Buiksloterdijk | B10: Amsterdam-Noord — Asfalt Schades Heel Noord, Kadoelen | C10: =COUNTIF(Locaties!$C$2:$C$157,$A10) | D10: =SUMIF(Locaties!$C$2:$C$157,$A10,Locaties!$J$2:$J$157) | E10: =SUMIF(Locaties!$C$2:$C$157,$A10,Locaties!$O$2:$O$157) | F10: =SUMIF(Locaties!$C$2:$C$157,$A10,Locaties!$P$2:$P$157) | G10: 4
A11: Castorplein | B11: Amsterdam-Noord — Tuindorp Oostzaan | C11: =COUNTIF(Locaties!$C$2:$C$157,$A11) | D11: =SUMIF(Locaties!$C$2:$C$157,$A11,Locaties!$J$2:$J$157) | E11: =SUMIF(Locaties!$C$2:$C$157,$A11,Locaties!$O$2:$O$157) | F11: =SUMIF(Locaties!$C$2:$C$157,$A11,Locaties!$P$2:$P$157) | G11: 2
A12: Cornelis Roosstraat | B12: Amsterdam-Noord — Oostzanerwerf | C12: =COUNTIF(Locaties!$C$2:$C$157,$A12) | D12: =SUMIF(Locaties!$C$2:$C$157,$A12,Locaties!$J$2:$J$157) | E12: =SUMIF(Locaties!$C$2:$C$157,$A12,Locaties!$O$2:$O$157) | F12: =SUMIF(Locaties!$C$2:$C$157,$A12,Locaties!$P$2:$P$157) | G12: 3
A13: Eudorinastraat | B13: Amsterdam-Noord — Kadoelen | C13: =COUNTIF(Locaties!$C$2:$C$157,$A13) | D13: =SUMIF(Locaties!$C$2:$C$157,$A13,Locaties!$J$2:$J$157) | E13: =SUMIF(Locaties!$C$2:$C$157,$A13,Locaties!$O$2:$O$157) | F13: =SUMIF(Locaties!$C$2:$C$157,$A13,Locaties!$P$2:$P$157) | G13: 3
A14: Floraweg | B14: Amsterdam-Noord | C14: =COUNTIF(Locaties!$C$2:$C$157,$A14) | D14: =SUMIF(Locaties!$C$2:$C$157,$A14,Locaties!$J$2:$J$157) | E14: =SUMIF(Locaties!$C$2:$C$157,$A14,Locaties!$O$2:$O$157) | F14: =SUMIF(Locaties!$C$2:$C$157,$A14,Locaties!$P$2:$P$157) | G14: 2
A15: Grote Beerstraat | B15: Amsterdam-Noord — Tuindorp Oostzaan | C15: =COUNTIF(Locaties!$C$2:$C$157,$A15) | D15: =SUMIF(Locaties!$C$2:$C$157,$A15,Locaties!$J$2:$J$157) | E15: =SUMIF(Locaties!$C$2:$C$157,$A15,Locaties!$O$2:$O$157) | F15: =SUMIF(Locaties!$C$2:$C$157,$A15,Locaties!$P$2:$P$157) | G15: 2
... A51: Zuideinde | B51: Amsterdam-Noord — Oostzanerwerf | C51: =COUNTIF(Locaties!$C$2:$C$157,$A51) | D51: =SUMIF(Locaties!$C$2:$C$157,$A51,Locaties!$J$2:$J$157) | E51: =SUMIF(Locaties!$C$2:$C$157,$A51,Locaties!$O$2:$O$157) | F51: =SUMIF(Locaties!$C$2:$C$157,$A51,Locaties!$P$2:$P$157) | G51: 3
A52: Totaal | C52: =SUM(C4:C51) | D52: =SUM(D4:D51) | E52: =SUM(E4:E51) | F52: =SUM(F4:F51)
A54: Conditie is afgeleid uit het geschouwde schadeoppervlak per weg, niet uit een NEN 2767-inspectie. Zie het blad Toelichting.
